TN,FP,FN,TP,accuracy,sensitivity,specificity,balanced_acc,precision,f1_pos,roc_auc,pr_auc,threshold,dataset,prevalence,seed,model,strategy
3917,3,80,0,0.97925,0.0,0.999234693877551,0.4996173469387755,0.0,0.0,0.781485969387755,0.06606650170346508,0.5,cardio,0.02,0,logreg,default
3109,811,27,53,0.7905,0.6625,0.7931122448979592,0.7278061224489796,0.061342592592592594,0.11228813559322035,0.7942984693877551,0.068606467257377,0.5,cardio,0.02,0,logreg,weight
2987,933,23,57,0.761,0.7125,0.7619897959183674,0.7372448979591837,0.05757575757575758,0.10654205607476634,0.7917889030612245,0.06572277146583254,0.5,cardio,0.02,0,logreg,undersample
3109,811,26,54,0.79075,0.675,0.7931122448979592,0.7340561224489797,0.06242774566473988,0.11428571428571428,0.789202806122449,0.06597868788916848,0.5,cardio,0.02,0,logreg,smote
2199,1721,13,67,0.5665,0.8375,0.5609693877551021,0.6992346938775511,0.03747203579418344,0.07173447537473232,0.781485969387755,0.06606650170346508,0.013427635613926037,cardio,0.02,0,logreg,threshold
2728,1192,16,64,0.698,0.8,0.6959183673469388,0.7479591836734694,0.050955414012738856,0.09580838323353294,0.7942984693877551,0.068606467257377,0.42543524839015445,cardio,0.02,0,logreg,weight+threshold
3920,0,80,0,0.98,0.0,1.0,0.5,0.0,0.0,0.7000685586734694,0.04494295065871592,0.5,cardio,0.02,0,rf,default
3920,0,80,0,0.98,0.0,1.0,0.5,0.0,0.0,0.7018080357142857,0.04357624156905604,0.5,cardio,0.02,0,rf,weight
2754,1166,22,58,0.703,0.725,0.7025510204081633,0.7137755102040817,0.04738562091503268,0.08895705521472393,0.7777774234693877,0.07663240357723158,0.5,cardio,0.02,0,rf,undersample
3836,84,79,1,0.95925,0.0125,0.9785714285714285,0.49553571428571425,0.011764705882352941,0.012121212121212123,0.7004815051020409,0.03656107342990398,0.5,cardio,0.02,0,rf,smote
3077,843,39,41,0.7795,0.5125,0.7849489795918367,0.6487244897959183,0.04638009049773756,0.0850622406639004,0.7000685586734694,0.04494295065871592,0.02666666666666667,cardio,0.02,0,rf,threshold
2965,955,32,48,0.75325,0.6,0.7563775510204082,0.6781887755102041,0.047856430707876374,0.0886426592797784,0.7018080357142857,0.04357624156905604,0.02,cardio,0.02,0,rf,weight+threshold
3918,2,80,0,0.9795,0.0,0.9994897959183674,0.4997448979591837,0.0,0.0,0.7668064413265305,0.054045297473945306,0.5,cardio,0.02,0,hgb,default
3384,536,35,45,0.85725,0.5625,0.863265306122449,0.7128826530612244,0.0774526678141136,0.1361573373676248,0.7642474489795918,0.06294942374893275,0.5,cardio,0.02,0,hgb,weight
2626,1294,21,59,0.67125,0.7375,0.6698979591836735,0.7036989795918367,0.04360679970436068,0.08234473133286813,0.7505707908163264,0.08277294439027513,0.5,cardio,0.02,0,hgb,undersample
3827,93,77,3,0.9575,0.0375,0.9762755102040817,0.5068877551020409,0.03125,0.03409090909090909,0.6855803571428571,0.04065634049099701,0.5,cardio,0.02,0,hgb,smote
3217,703,33,47,0.816,0.5875,0.8206632653061224,0.7040816326530612,0.06266666666666666,0.11325301204819277,0.7668064413265305,0.054045297473945306,0.020557659084480668,cardio,0.02,0,hgb,threshold
3273,647,32,48,0.83025,0.6,0.8349489795918368,0.7174744897959184,0.06906474820143885,0.1238709677419355,0.7642474489795918,0.06294942374893275,0.44168841665329156,cardio,0.02,0,hgb,weight+threshold
3916,4,80,0,0.979,0.0,0.9989795918367347,0.49948979591836734,0.0,0.0,0.7865593112244899,0.07985612907342153,0.5,cardio,0.02,1,logreg,default
3052,868,25,55,0.77675,0.6875,0.7785714285714286,0.7330357142857142,0.059588299024918745,0.10967098703888334,0.7868207908163265,0.08308140115712614,0.5,cardio,0.02,1,logreg,weight
3005,915,24,56,0.76525,0.7,0.7665816326530612,0.7332908163265306,0.057672502574665295,0.1065651760228354,0.7886320153061224,0.08016588679270152,0.5,cardio,0.02,1,logreg,undersample
3015,905,26,54,0.76725,0.675,0.7691326530612245,0.7220663265306122,0.056308654848800835,0.1039461020211742,0.7835235969387755,0.0809528077890733,0.5,cardio,0.02,1,logreg,smote
3051,869,25,55,0.7765,0.6875,0.7783163265306122,0.7329081632653061,0.05952380952380952,0.10956175298804781,0.7865593112244899,0.07985612907342153,0.020632858005911657,cardio,0.02,1,logreg,threshold
3133,787,27,53,0.7965,0.6625,0.799234693877551,0.7308673469387754,0.0630952380952381,0.11521739130434781,0.7868207908163265,0.08308140115712614,0.5187744770644391,cardio,0.02,1,logreg,weight+threshold
3920,0,80,0,0.98,0.0,1.0,0.5,0.0,0.0,0.7341788903061224,0.0773982619782368,0.5,cardio,0.02,1,rf,default
3920,0,80,0,0.98,0.0,1.0,0.5,0.0,0.0,0.7332413903061225,0.06984450244086723,0.5,cardio,0.02,1,rf,weight
2823,1097,23,57,0.72,0.7125,0.7201530612244897,0.7163265306122448,0.049393414211438474,0.09238249594813613,0.781422193877551,0.08911129025960761,0.5,cardio,0.02,1,rf,undersample
3822,98,75,5,0.95675,0.0625,0.975,0.51875,0.04854368932038835,0.0546448087431694,0.7047624362244898,0.05053277571805747,0.5,cardio,0.02,1,rf,smote
3229,691,35,45,0.8185,0.5625,0.8237244897959184,0.6931122448979592,0.06114130434782609,0.11029411764705883,0.7341788903061224,0.0773982619782368,0.03,cardio,0.02,1,rf,threshold
2596,1324,27,53,0.66225,0.6625,0.6622448979591836,0.6623724489795918,0.03848946986201888,0.0727522306108442,0.7332413903061225,0.06984450244086723,0.01,cardio,0.02,1,rf,weight+threshold
3919,1,80,0,0.97975,0.0,0.9997448979591836,0.4998724489795918,0.0,0.0,0.7753810586734693,0.07517712150253737,0.5,cardio,0.02,1,hgb,default
3360,560,30,50,0.8525,0.625,0.8571428571428571,0.7410714285714286,0.08196721311475409,0.14492753623188404,0.7719371811224489,0.07598511036036491,0.5,cardio,0.02,1,hgb,weight
2756,1164,27,53,0.70225,0.6625,0.7030612244897959,0.6827806122448979,0.043549712407559574,0.08172706245181187,0.7572018494897961,0.09276916665264295,0.5,cardio,0.02,1,hgb,undersample
3827,93,76,4,0.95775,0.05,0.9762755102040817,0.5131377551020408,0.041237113402061855,0.04519774011299435,0.6550829081632653,0.04373232479690197,0.5,cardio,0.02,1,hgb,smote
3245,675,30,50,0.82375,0.625,0.8278061224489796,0.7264030612244898,0.06896551724137931,0.12422360248447205,0.7753810586734693,0.07517712150253737,0.022226693341300844,cardio,0.02,1,hgb,threshold
3026,894,27,53,0.76975,0.6625,0.7719387755102041,0.7172193877551021,0.0559662090813094,0.10321324245374879,0.7719371811224489,0.07598511036036491,0.4049991895056206,cardio,0.02,1,hgb,weight+threshold
3920,0,80,0,0.98,0.0,1.0,0.5,0.0,0.0,0.8007557397959183,0.0905727966968297,0.5,cardio,0.02,2,logreg,default
3029,891,19,61,0.7725,0.7625,0.772704081632653,0.7676020408163264,0.06407563025210083,0.11821705426356588,0.8054432397959185,0.09013203719810009,0.5,cardio,0.02,2,logreg,weight
3035,885,20,60,0.77375,0.75,0.7742346938775511,0.7621173469387755,0.06349206349206349,0.11707317073170731,0.80375318877551,0.0869998070921896,0.5,cardio,0.02,2,logreg,undersample
2983,937,19,61,0.761,0.7625,0.760969387755102,0.761734693877551,0.061122244488977955,0.11317254174397032,0.802672193877551,0.08702410299067014,0.5,cardio,0.02,2,logreg,smote
3042,878,22,58,0.775,0.725,0.7760204081632653,0.7505102040816327,0.06196581196581197,0.1141732283464567,0.8007557397959183,0.0905727966968297,0.020763464632309932,cardio,0.02,2,logreg,threshold
3224,696,26,54,0.8195,0.675,0.8224489795918367,0.7487244897959184,0.072,0.13012048192771083,0.8054432397959185,0.09013203719810009,0.5543925320784074,cardio,0.02,2,logreg,weight+threshold
3919,1,80,0,0.97975,0.0,0.9997448979591836,0.4998724489795918,0.0,0.0,0.7474553571428572,0.049088339331697345,0.5,cardio,0.02,2,rf,default
3920,0,80,0,0.98,0.0,1.0,0.5,0.0,0.0,0.7302885841836735,0.04984853973626733,0.5,cardio,0.02,2,rf,weight
2799,1121,21,59,0.7145,0.7375,0.7140306122448979,0.7257653061224489,0.05,0.09365079365079365,0.7919228316326531,0.06793358963637637,0.5,cardio,0.02,2,rf,undersample
3845,75,79,1,0.9615,0.0125,0.9808673469387755,0.49668367346938774,0.013157894736842105,0.01282051282051282,0.7041151147959184,0.0354037869098601,0.5,cardio,0.02,2,rf,smote
2101,1819,12,68,0.54225,0.85,0.5359693877551021,0.692984693877551,0.036036036036036036,0.06914082358922218,0.7474553571428572,0.049088339331697345,0.006666666666666667,cardio,0.02,2,rf,threshold
2791,1129,24,56,0.71175,0.7,0.7119897959183673,0.7059948979591837,0.04725738396624472,0.08853754940711461,0.7302885841836735,0.04984853973626733,0.016666666666666666,cardio,0.02,2,rf,weight+threshold
3920,0,80,0,0.98,0.0,1.0,0.5,0.0,0.0,0.8024633290816326,0.06688640733993102,0.5,cardio,0.02,2,hgb,default
3258,662,32,48,0.8265,0.6,0.8311224489795919,0.715561224489796,0.0676056338028169,0.12151898734177213,0.7704942602040817,0.06862999974381209,0.5,cardio,0.02,2,hgb,weight
2671,1249,22,58,0.68225,0.725,0.6813775510204082,0.7031887755102041,0.04437643458301454,0.08363374188896901,0.751390306122449,0.058568005485918756,0.5,cardio,0.02,2,hgb,undersample
3844,76,77,3,0.96175,0.0375,0.9806122448979592,0.5090561224489796,0.0379746835443038,0.03773584905660377,0.69359375,0.038445912009683246,0.5,cardio,0.02,2,hgb,smote
2758,1162,17,63,0.70525,0.7875,0.7035714285714286,0.7455357142857143,0.05142857142857143,0.09655172413793105,0.8024633290816326,0.06688640733993102,0.016453062982144336,cardio,0.02,2,hgb,threshold
3429,491,38,42,0.86775,0.525,0.8747448979591836,0.6998724489795918,0.07879924953095685,0.1370309951060359,0.7704942602040817,0.06862999974381209,0.5586517175080983,cardio,0.02,2,hgb,weight+threshold
3919,1,80,0,0.97975,0.0,0.9997448979591836,0.4998724489795918,0.0,0.0,0.7965593112244898,0.07626621482064223,0.5,cardio,0.02,3,logreg,default
3034,886,23,57,0.77275,0.7125,0.7739795918367347,0.7432397959183674,0.060445387062566275,0.11143695014662756,0.7981951530612246,0.07815923670927234,0.5,cardio,0.02,3,logreg,weight
2932,988,21,59,0.74775,0.7375,0.7479591836734694,0.7427295918367347,0.05635148042024833,0.1047027506654836,0.7976977040816327,0.07258903475810566,0.5,cardio,0.02,3,logreg,undersample
3011,909,22,58,0.76725,0.725,0.7681122448979592,0.7465561224489796,0.05997931747673216,0.11079274116523401,0.797311862244898,0.07831986068539713,0.5,cardio,0.02,3,logreg,smote
2631,1289,15,65,0.674,0.8125,0.6711734693877551,0.7418367346938776,0.048005908419497784,0.09065550906555091,0.7965593112244898,0.07626621482064223,0.01675043936995778,cardio,0.02,3,logreg,threshold
2536,1384,15,65,0.65025,0.8125,0.6469387755102041,0.729719387755102,0.04485852311939269,0.08502289077828647,0.7981951530612246,0.07815923670927234,0.41019948582492843,cardio,0.02,3,logreg,weight+threshold
3920,0,80,0,0.98,0.0,1.0,0.5,0.0,0.0,0.7405883290816326,0.06711164217077885,0.5,cardio,0.02,3,rf,default
3920,0,80,0,0.98,0.0,1.0,0.5,0.0,0.0,0.723625637755102,0.06685116433695637,0.5,cardio,0.02,3,rf,weight
2815,1105,26,54,0.71725,0.675,0.7181122448979592,0.6965561224489796,0.04659188955996549,0.08716707021791767,0.7543383290816326,0.06740718706031175,0.5,cardio,0.02,3,rf,undersample
3837,83,73,7,0.961,0.0875,0.9788265306122449,0.5331632653061225,0.07777777777777778,0.08235294117647059,0.7423453443877551,0.05849394893020968,0.5,cardio,0.02,3,rf,smote
2385,1535,21,59,0.611,0.7375,0.6084183673469388,0.6729591836734694,0.0370138017565872,0.07048984468339307,0.7405883290816326,0.06711164217077885,0.01,cardio,0.02,3,rf,threshold
2964,956,31,49,0.75325,0.6125,0.7561224489795918,0.684311224489796,0.04875621890547264,0.09032258064516129,0.723625637755102,0.06685116433695637,0.02,cardio,0.02,3,rf,weight+threshold
3920,0,80,0,0.98,0.0,1.0,0.5,0.0,0.0,0.7551578443877551,0.06249615836762848,0.5,cardio,0.02,3,hgb,default
3238,682,36,44,0.8205,0.55,0.8260204081632653,0.6880102040816327,0.06060606060606061,0.10918114143920597,0.7423007015306122,0.06284756137048335,0.5,cardio,0.02,3,hgb,weight
2735,1185,28,52,0.69675,0.65,0.6977040816326531,0.6738520408163265,0.04203718674211803,0.07896735003796508,0.7198309948979592,0.051100149832200265,0.5,cardio,0.02,3,hgb,undersample
3843,77,68,12,0.96375,0.15,0.9803571428571428,0.5651785714285714,0.1348314606741573,0.1420118343195266,0.7204416454081632,0.06603220366547309,0.5,cardio,0.02,3,hgb,smote
2644,1276,25,55,0.67475,0.6875,0.6744897959183673,0.6809948979591837,0.04132231404958678,0.07795889440113396,0.7551578443877551,0.06249615836762848,0.01244495110864532,cardio,0.02,3,hgb,threshold
3111,809,34,46,0.78925,0.575,0.7936224489795919,0.684311224489796,0.05380116959064327,0.09839572192513368,0.7423007015306122,0.06284756137048335,0.4504621003081674,cardio,0.02,3,hgb,weight+threshold
3918,2,80,0,0.9795,0.0,0.9994897959183674,0.4997448979591837,0.0,0.0,0.7813105867346939,0.09575292766888864,0.5,cardio,0.02,4,logreg,default
2969,951,26,54,0.75575,0.675,0.7573979591836735,0.7161989795918368,0.05373134328358209,0.09953917050691245,0.778858418367347,0.09669589453752385,0.5,cardio,0.02,4,logreg,weight
2800,1120,26,54,0.7135,0.675,0.7142857142857143,0.6946428571428571,0.04599659284497445,0.08612440191387559,0.7674362244897959,0.09209900750933002,0.5,cardio,0.02,4,logreg,undersample
2897,1023,25,55,0.738,0.6875,0.739030612244898,0.713265306122449,0.05102040816326531,0.09499136442141626,0.7764253826530612,0.09977547314349258,0.5,cardio,0.02,4,logreg,smote
2886,1034,23,57,0.73575,0.7125,0.7362244897959184,0.7243622448979592,0.05224564619615032,0.09735269000853969,0.7813105867346939,0.09575292766888864,0.020570575792125765,cardio,0.02,4,logreg,threshold
2866,1054,25,55,0.73025,0.6875,0.7311224489795919,0.7093112244897959,0.04959422903516682,0.09251471825063078,0.778858418367347,0.09669589453752385,0.4825657275488277,cardio,0.02,4,logreg,weight+threshold
3920,0,80,0,0.98,0.0,1.0,0.5,0.0,0.0,0.7121428571428572,0.06852950636740149,0.5,cardio,0.02,4,rf,default
3920,0,80,0,0.98,0.0,1.0,0.5,0.0,0.0,0.7057238520408162,0.06031355025732488,0.5,cardio,0.02,4,rf,weight
2717,1203,22,58,0.69375,0.725,0.6931122448979592,0.7090561224489795,0.045995241871530534,0.08650260999254289,0.7586814413265306,0.08216898725492455,0.5,cardio,0.02,4,rf,undersample
3826,94,73,7,0.95825,0.0875,0.9760204081632653,0.5317602040816326,0.06930693069306931,0.07734806629834254,0.7019945790816327,0.04998216294226049,0.5,cardio,0.02,4,rf,smote
2842,1078,32,48,0.7225,0.6,0.725,0.6625,0.04262877442273535,0.07960199004975124,0.7121428571428572,0.06852950636740149,0.02,cardio,0.02,4,rf,threshold
2962,958,33,47,0.75225,0.5875,0.7556122448979592,0.6715561224489797,0.046766169154228855,0.08663594470046083,0.7057238520408162,0.06031355025732488,0.02,cardio,0.02,4,rf,weight+threshold
3920,0,80,0,0.98,0.0,1.0,0.5,0.0,0.0,0.7548501275510204,0.0917014468450618,0.5,cardio,0.02,4,hgb,default
3217,703,34,46,0.81575,0.575,0.8206632653061224,0.6978316326530611,0.06141522029372497,0.11097708082026539,0.7499218750000001,0.06672752598295856,0.5,cardio,0.02,4,hgb,weight
2600,1320,22,58,0.6645,0.725,0.6632653061224489,0.6941326530612244,0.0420899854862119,0.07956104252400549,0.7373820153061225,0.07034906126278404,0.5,cardio,0.02,4,hgb,undersample
3820,100,70,10,0.9575,0.125,0.9744897959183674,0.5497448979591837,0.09090909090909091,0.10526315789473685,0.6460108418367347,0.0490098087489413,0.5,cardio,0.02,4,hgb,smote
2760,1160,26,54,0.7035,0.675,0.7040816326530612,0.6895408163265306,0.044481054365733116,0.08346213292117466,0.7548501275510204,0.0917014468450618,0.01462027580063141,cardio,0.02,4,hgb,threshold
2616,1304,25,55,0.66775,0.6875,0.6673469387755102,0.6774234693877551,0.04047093451066961,0.07644197359277276,0.7499218750000001,0.06672752598295856,0.31954051783036574,cardio,0.02,4,hgb,weight+threshold
3557,43,374,26,0.89575,0.065,0.9880555555555556,0.5265277777777778,0.37681159420289856,0.11087420042643924,0.7863666666666667,0.2816131580612672,0.5,cardio,0.1,0,logreg,default
2770,830,131,269,0.75975,0.6725,0.7694444444444445,0.7209722222222222,0.24476797088262056,0.3589059372915277,0.786127777777778,0.28055544373685887,0.5,cardio,0.1,0,logreg,weight
2729,871,121,279,0.752,0.6975,0.7580555555555556,0.7277777777777779,0.2426086956521739,0.36000000000000004,0.7848555555555555,0.27763746232605907,0.5,cardio,0.1,0,logreg,undersample
2749,851,130,270,0.75475,0.675,0.7636111111111111,0.7193055555555556,0.2408563782337199,0.35502958579881655,0.7855159722222221,0.2809453559039812,0.5,cardio,0.1,0,logreg,smote
2739,861,128,272,0.75275,0.68,0.7608333333333334,0.7204166666666667,0.24007060900264784,0.3548597521200261,0.7863666666666667,0.2816131580612672,0.09932796692013302,cardio,0.1,0,logreg,threshold
2691,909,122,278,0.74225,0.695,0.7475,0.72125,0.2342038753159225,0.350346565847511,0.786127777777778,0.28055544373685887,0.48301313985176764,cardio,0.1,0,logreg,weight+threshold
3523,77,372,28,0.88775,0.07,0.9786111111111111,0.5243055555555556,0.26666666666666666,0.11089108910891089,0.735685763888889,0.23855524899812452,0.5,cardio,0.1,0,rf,default
3542,58,371,29,0.89275,0.0725,0.9838888888888889,0.5281944444444444,0.3333333333333333,0.1190965092402464,0.7357701388888889,0.24465249400064967,0.5,cardio,0.1,0,rf,weight
2526,1074,124,276,0.7005,0.69,0.7016666666666667,0.6958333333333333,0.20444444444444446,0.31542857142857145,0.7493770833333334,0.25554763644333756,0.5,cardio,0.1,0,rf,undersample
3280,320,273,127,0.85175,0.3175,0.9111111111111111,0.6143055555555555,0.2841163310961969,0.29988193624557263,0.7215559027777778,0.2205730883151313,0.5,cardio,0.1,0,rf,smote
2874,726,171,229,0.77575,0.5725,0.7983333333333333,0.6854166666666667,0.23979057591623038,0.3380073800738007,0.735685763888889,0.23855524899812452,0.15333333333333332,cardio,0.1,0,rf,threshold
2700,900,151,249,0.73725,0.6225,0.75,0.68625,0.21671018276762402,0.32149774047772756,0.7357701388888889,0.24465249400064967,0.11,cardio,0.1,0,rf,weight+threshold
3586,14,392,8,0.8985,0.02,0.9961111111111111,0.5080555555555555,0.36363636363636365,0.03791469194312796,0.7798461805555554,0.27766070735643866,0.5,cardio,0.1,0,hgb,default
2820,780,145,255,0.76875,0.6375,0.7833333333333333,0.7104166666666667,0.2463768115942029,0.3554006968641115,0.7791208333333333,0.2775078254303621,0.5,cardio,0.1,0,hgb,weight
2553,1047,132,268,0.70525,0.67,0.7091666666666666,0.6895833333333333,0.20380228136882128,0.31253644314868806,0.7558916666666669,0.25547359127495395,0.5,cardio,0.1,0,hgb,undersample
3329,271,265,135,0.866,0.3375,0.9247222222222222,0.6311111111111112,0.33251231527093594,0.3349875930521092,0.7606375000000001,0.252896521346804,0.5,cardio,0.1,0,hgb,smote
3029,571,172,228,0.81425,0.57,0.8413888888888889,0.7056944444444444,0.2853566958698373,0.3803169307756464,0.7798461805555554,0.27766070735643866,0.14851240049107384,cardio,0.1,0,hgb,threshold
2920,680,157,243,0.79075,0.6075,0.8111111111111111,0.7093055555555556,0.26327193932827736,0.3673469387755102,0.7791208333333333,0.2775078254303621,0.5294277550723616,cardio,0.1,0,hgb,weight+threshold
3554,46,369,31,0.89625,0.0775,0.9872222222222222,0.5323611111111111,0.4025974025974026,0.129979035639413,0.7833937500000001,0.297326480984274,0.5,cardio,0.1,1,logreg,default
2791,809,137,263,0.7635,0.6575,0.7752777777777777,0.7163888888888889,0.2453358208955224,0.35733695652173914,0.7828111111111111,0.2967547029259748,0.5,cardio,0.1,1,logreg,weight
2752,848,135,265,0.75425,0.6625,0.7644444444444445,0.7134722222222223,0.23809523809523808,0.35029742233972244,0.7824395833333333,0.29444875062727094,0.5,cardio,0.1,1,logreg,undersample
2790,810,141,259,0.76225,0.6475,0.775,0.7112499999999999,0.2422825070159027,0.35262083049693665,0.7815256944444445,0.295298570383409,0.5,cardio,0.1,1,logreg,smote
2916,684,152,248,0.791,0.62,0.81,0.7150000000000001,0.26609442060085836,0.37237237237237236,0.7833937500000001,0.297326480984274,0.10986142649131787,cardio,0.1,1,logreg,threshold
2985,615,159,241,0.8065,0.6025,0.8291666666666667,0.7158333333333333,0.28154205607476634,0.3837579617834395,0.7828111111111111,0.2967547029259748,0.5464913963424866,cardio,0.1,1,logreg,weight+threshold
3538,62,369,31,0.89225,0.0775,0.9827777777777778,0.5301388888888888,0.3333333333333333,0.1257606490872211,0.7555288194444444,0.27122279033887553,0.5,cardio,0.1,1,rf,default
3557,43,373,27,0.896,0.0675,0.9880555555555556,0.5277777777777778,0.38571428571428573,0.1148936170212766,0.7499451388888889,0.26215000533599375,0.5,cardio,0.1,1,rf,weight
2618,982,136,264,0.7205,0.66,0.7272222222222222,0.6936111111111112,0.21187800963081863,0.3207776427703524,0.7643097222222223,0.2848728611696355,0.5,cardio,0.1,1,rf,undersample
3306,294,283,117,0.85575,0.2925,0.9183333333333333,0.6054166666666667,0.2846715328467153,0.2885326757090012,0.7350961805555555,0.22575904655121032,0.5,cardio,0.1,1,rf,smote
2750,850,145,255,0.75125,0.6375,0.7638888888888888,0.7006944444444444,0.23076923076923078,0.3388704318936877,0.7555288194444444,0.27122279033887553,0.12333333333333334,cardio,0.1,1,rf,threshold
2791,809,159,241,0.758,0.6025,0.7752777777777777,0.6888888888888889,0.22952380952380952,0.33241379310344826,0.7499451388888889,0.26215000533599375,0.12333333333333334,cardio,0.1,1,rf,weight+threshold
3586,14,389,11,0.89925,0.0275,0.9961111111111111,0.5118055555555555,0.44,0.051764705882352935,0.7780472222222222,0.29812651667415996,0.5,cardio,0.1,1,hgb,default
2820,780,147,253,0.76825,0.6325,0.7833333333333333,0.7079166666666666,0.24491771539206195,0.3531053733426378,0.771451388888889,0.3023977280495705,0.5,cardio,0.1,1,hgb,weight
2722,878,135,265,0.74675,0.6625,0.7561111111111111,0.7093055555555555,0.23184601924759404,0.34348671419313026,0.7662256944444444,0.28663274713456016,0.5,cardio,0.1,1,hgb,undersample
3336,264,269,131,0.86675,0.3275,0.9266666666666666,0.6270833333333333,0.33164556962025316,0.32955974842767294,0.7519618055555556,0.24914523953412324,0.5,cardio,0.1,1,hgb,smote
2871,729,156,244,0.77875,0.61,0.7975,0.70375,0.25077081192189105,0.35542607428987616,0.7780472222222222,0.29812651667415996,0.11049696991374038,cardio,0.1,1,hgb,threshold
3080,520,175,225,0.82625,0.5625,0.8555555555555555,0.7090277777777778,0.30201342281879195,0.39301310043668125,0.771451388888889,0.3023977280495705,0.5805973960692391,cardio,0.1,1,hgb,weight+threshold
3567,33,381,19,0.8965,0.0475,0.9908333333333333,0.5191666666666667,0.36538461538461536,0.084070796460177,0.7772708333333334,0.2858999121972647,0.5,cardio,0.1,2,logreg,default
2760,840,135,265,0.75625,0.6625,0.7666666666666667,0.7145833333333333,0.2398190045248869,0.3521594684385382,0.7769124999999999,0.2864930038213718,0.5,cardio,0.1,2,logreg,weight
2732,868,135,265,0.74925,0.6625,0.7588888888888888,0.7106944444444444,0.23389232127096204,0.3457273320287019,0.7751805555555557,0.2807720719865404,0.5,cardio,0.1,2,logreg,undersample
2749,851,138,262,0.75275,0.655,0.7636111111111111,0.7093055555555556,0.23539982030548068,0.34633179114342366,0.7755652777777778,0.28558190818020596,0.5,cardio,0.1,2,logreg,smote
2930,670,155,245,0.79375,0.6125,0.8138888888888889,0.7131944444444445,0.2677595628415301,0.3726235741444867,0.7772708333333334,0.2858999121972647,0.11563246127937267,cardio,0.1,2,logreg,threshold
2847,753,146,254,0.77525,0.635,0.7908333333333334,0.7129166666666666,0.2522343594836147,0.3610518834399432,0.7769124999999999,0.2864930038213718,0.5195639901108173,cardio,0.1,2,logreg,weight+threshold
3541,59,368,32,0.89325,0.08,0.9836111111111111,0.5318055555555555,0.3516483516483517,0.13034623217922608,0.7638802083333335,0.27921674290933746,0.5,cardio,0.1,2,rf,default
3557,43,370,30,0.89675,0.075,0.9880555555555556,0.5315277777777778,0.410958904109589,0.12684989429175475,0.7614006944444445,0.28365825538478895,0.5,cardio,0.1,2,rf,weight
2546,1054,123,277,0.70575,0.6925,0.7072222222222222,0.699861111111111,0.20811419984973703,0.3200462160600809,0.7714628472222222,0.26344464759936637,0.5,cardio,0.1,2,rf,undersample
3263,337,267,133,0.849,0.3325,0.9063888888888889,0.6194444444444445,0.28297872340425534,0.30574712643678165,0.74640625,0.23858461076057064,0.5,cardio,0.1,2,rf,smote
2689,911,135,265,0.7385,0.6625,0.7469444444444444,0.7047222222222222,0.22534013605442177,0.33629441624365486,0.7638802083333335,0.27921674290933746,0.11666666666666667,cardio,0.1,2,rf,threshold
2525,1075,122,278,0.70075,0.695,0.7013888888888888,0.6981944444444443,0.20546932742054694,0.31717056474614946,0.7614006944444445,0.28365825538478895,0.09,cardio,0.1,2,rf,weight+threshold
3583,17,386,14,0.89925,0.035,0.9952777777777778,0.5151388888888889,0.45161290322580644,0.06496519721577727,0.7812746527777779,0.29214746748384746,0.5,cardio,0.1,2,hgb,default
2874,726,147,253,0.78175,0.6325,0.7983333333333333,0.7154166666666666,0.25842696629213485,0.36693255982596085,0.7797135416666666,0.28280455667409354,0.5,cardio,0.1,2,hgb,weight
2593,1007,117,283,0.719,0.7075,0.7202777777777778,0.7138888888888889,0.2193798449612403,0.3349112426035503,0.7645121527777778,0.2537576832273743,0.5,cardio,0.1,2,hgb,undersample
3321,279,283,117,0.8595,0.2925,0.9225,0.6074999999999999,0.29545454545454547,0.2939698492462312,0.7582277777777777,0.24967380990881366,0.5,cardio,0.1,2,hgb,smote
2484,1116,105,295,0.69475,0.7375,0.69,0.71375,0.2090715804394047,0.3257868580894534,0.7812746527777779,0.29214746748384746,0.07756393103131468,cardio,0.1,2,hgb,threshold
2731,869,132,268,0.74975,0.67,0.7586111111111111,0.7143055555555555,0.2357080035180299,0.3487312947299935,0.7797135416666666,0.28280455667409354,0.45804582821187084,cardio,0.1,2,hgb,weight+threshold
3565,35,371,29,0.8985,0.0725,0.9902777777777778,0.5313888888888889,0.453125,0.125,0.7941312499999998,0.30667181804785915,0.5,cardio,0.1,3,logreg,default
2805,795,124,276,0.77025,0.69,0.7791666666666667,0.7345833333333334,0.25770308123249297,0.3752549286199864,0.7941611111111112,0.30453112031369084,0.5,cardio,0.1,3,logreg,weight
2783,817,125,275,0.7645,0.6875,0.7730555555555556,0.7302777777777778,0.2518315018315018,0.3686327077747989,0.7929027777777777,0.3055628884538264,0.5,cardio,0.1,3,logreg,undersample
2806,794,121,279,0.77125,0.6975,0.7794444444444445,0.7384722222222222,0.26001863932898417,0.3788187372708758,0.7943777777777778,0.3055401595967544,0.5,cardio,0.1,3,logreg,smote
2647,953,104,296,0.73575,0.74,0.7352777777777778,0.737638888888889,0.23698959167333866,0.3590054578532444,0.7941312499999998,0.30667181804785915,0.09037650895654954,cardio,0.1,3,logreg,threshold
2714,886,109,291,0.75125,0.7275,0.7538888888888889,0.7406944444444445,0.24723874256584538,0.3690551680405834,0.7941611111111112,0.30453112031369084,0.47741678758735373,cardio,0.1,3,logreg,weight+threshold
3549,51,360,40,0.89725,0.1,0.9858333333333333,0.5429166666666667,0.43956043956043955,0.16293279022403262,0.7788006944444444,0.2877886496832446,0.5,cardio,0.1,3,rf,default
3565,35,367,33,0.8995,0.0825,0.9902777777777778,0.5363888888888889,0.4852941176470588,0.14102564102564105,0.7737090277777777,0.2895860038053014,0.5,cardio,0.1,3,rf,weight
2498,1102,95,305,0.70075,0.7625,0.6938888888888889,0.7281944444444444,0.21677327647476902,0.33757609297177643,0.7826458333333333,0.283644996719636,0.5,cardio,0.1,3,rf,undersample
3294,306,263,137,0.85775,0.3425,0.915,0.62875,0.309255079006772,0.3250296559905101,0.7579809027777777,0.25766453727701144,0.5,cardio,0.1,3,rf,smote
2886,714,143,257,0.78575,0.6425,0.8016666666666666,0.7220833333333333,0.2646755921730175,0.37490882567468997,0.7788006944444444,0.2877886496832446,0.14666666666666667,cardio,0.1,3,rf,threshold
2755,845,133,267,0.7555,0.6675,0.7652777777777777,0.7163888888888889,0.24010791366906475,0.35317460317460325,0.7737090277777777,0.2895860038053014,0.11666666666666667,cardio,0.1,3,rf,weight+threshold
3585,15,387,13,0.8995,0.0325,0.9958333333333333,0.5141666666666667,0.4642857142857143,0.060747663551401876,0.7960253472222222,0.32132505177838266,0.5,cardio,0.1,3,hgb,default
2741,859,127,273,0.7535,0.6825,0.7613888888888889,0.7219444444444445,0.2411660777385159,0.356396866840731,0.7975211805555555,0.328662234543657,0.5,cardio,0.1,3,hgb,weight
2512,1088,110,290,0.7005,0.725,0.6977777777777778,0.7113888888888888,0.2104499274310595,0.3262092238470191,0.769942361111111,0.26822659288646833,0.5,cardio,0.1,3,hgb,undersample
3338,262,260,140,0.8695,0.35,0.9272222222222222,0.638611111111111,0.3482587064676617,0.34912718204488774,0.7727628472222223,0.2792601763090682,0.5,cardio,0.1,3,hgb,smote
2876,724,133,267,0.78575,0.6675,0.7988888888888889,0.7331944444444445,0.2694248234106963,0.3838964773544213,0.7960253472222222,0.32132505177838266,0.12559788610723252,cardio,0.1,3,hgb,threshold
2897,703,137,263,0.79,0.6575,0.8047222222222222,0.731111111111111,0.2722567287784679,0.38506588579795026,0.7975211805555555,0.328662234543657,0.5478629381340467,cardio,0.1,3,hgb,weight+threshold
3557,43,363,37,0.8985,0.0925,0.9880555555555556,0.5402777777777777,0.4625,0.15416666666666665,0.7934583333333334,0.31016311043376604,0.5,cardio,0.1,4,logreg,default
2795,805,120,280,0.76875,0.7,0.7763888888888889,0.7381944444444444,0.25806451612903225,0.3771043771043771,0.7928381944444446,0.3077514768295104,0.5,cardio,0.1,4,logreg,weight
2771,829,117,283,0.7635,0.7075,0.7697222222222222,0.7386111111111111,0.25449640287769787,0.37433862433862436,0.7926895833333333,0.30972580287240103,0.5,cardio,0.1,4,logreg,undersample
2784,816,116,284,0.767,0.71,0.7733333333333333,0.7416666666666667,0.2581818181818182,0.37866666666666665,0.7931493055555555,0.3108284123153706,0.5,cardio,0.1,4,logreg,smote
2635,965,98,302,0.73425,0.755,0.7319444444444444,0.7434722222222222,0.23835832675611682,0.3623275344931014,0.7934583333333334,0.31016311043376604,0.09046445246141221,cardio,0.1,4,logreg,threshold
2634,966,101,299,0.73325,0.7475,0.7316666666666667,0.7395833333333334,0.23636363636363636,0.3591591591591592,0.7928381944444446,0.3077514768295104,0.46362486279724663,cardio,0.1,4,logreg,weight+threshold
3525,75,350,50,0.89375,0.125,0.9791666666666666,0.5520833333333333,0.4,0.19047619047619047,0.7820756944444446,0.3036283411564537,0.5,cardio,0.1,4,rf,default
3537,63,359,41,0.8945,0.1025,0.9825,0.5425,0.3942307692307692,0.1626984126984127,0.77625625,0.29858892186952024,0.5,cardio,0.1,4,rf,weight
2600,1000,97,303,0.72575,0.7575,0.7222222222222222,0.7398611111111111,0.23254029163468917,0.35584263065179095,0.7912434027777777,0.31764424797415525,0.5,cardio,0.1,4,rf,undersample
3285,315,252,148,0.85825,0.37,0.9125,0.64125,0.31965442764578833,0.3429895712630359,0.757273611111111,0.252709098812689,0.5,cardio,0.1,4,rf,smote
2828,772,131,269,0.77425,0.6725,0.7855555555555556,0.7290277777777778,0.2584053794428434,0.3733518390006939,0.7820756944444446,0.3036283411564537,0.14,cardio,0.1,4,rf,threshold
2545,1055,106,294,0.70975,0.735,0.7069444444444445,0.7209722222222222,0.21793921423276502,0.3361921097770154,0.77625625,0.29858892186952024,0.08666666666666667,cardio,0.1,4,rf,weight+threshold
3573,27,384,16,0.89725,0.04,0.9925,0.51625,0.37209302325581395,0.07223476297968398,0.803157638888889,0.31183308900548634,0.5,cardio,0.1,4,hgb,default
2854,746,121,279,0.78325,0.6975,0.7927777777777778,0.7451388888888889,0.27219512195121953,0.3915789473684211,0.7962447916666666,0.3103245110422539,0.5,cardio,0.1,4,hgb,weight
2621,979,101,299,0.73,0.7475,0.7280555555555556,0.7377777777777779,0.23395931142410015,0.3563766388557807,0.790298611111111,0.32124119589765826,0.5,cardio,0.1,4,hgb,undersample
3300,300,243,157,0.86425,0.3925,0.9166666666666666,0.6545833333333333,0.3435448577680525,0.36639439906651106,0.7753343750000001,0.2786321984893815,0.5,cardio,0.1,4,hgb,smote
2762,838,113,287,0.76225,0.7175,0.7672222222222222,0.7423611111111111,0.2551111111111111,0.3763934426229509,0.803157638888889,0.31183308900548634,0.09608342093318568,cardio,0.1,4,hgb,threshold
2835,765,120,280,0.77875,0.7,0.7875,0.7437499999999999,0.2679425837320574,0.38754325259515565,0.7962447916666666,0.3103245110422539,0.49038629498363784,cardio,0.1,4,hgb,weight+threshold
2324,276,700,700,0.756,0.5,0.8938461538461538,0.696923076923077,0.7172131147540983,0.5892255892255892,0.7897568681318681,0.6551971772398009,0.5,cardio,0.35,0,logreg,default
2003,597,448,952,0.73875,0.68,0.7703846153846153,0.7251923076923077,0.6145900581020013,0.6456425907087148,0.7897387362637364,0.654779793395983,0.5,cardio,0.35,0,logreg,weight
1989,611,442,958,0.73675,0.6842857142857143,0.765,0.7246428571428571,0.6105799872530274,0.6453351296732907,0.7897236263736265,0.654632513267685,0.5,cardio,0.35,0,logreg,undersample
1989,611,441,959,0.737,0.685,0.765,0.7250000000000001,0.610828025477707,0.6457912457912458,0.7898532967032967,0.654629120012379,0.5,cardio,0.35,0,logreg,smote
1963,637,433,967,0.7325,0.6907142857142857,0.755,0.7228571428571429,0.6028678304239401,0.6438082556591211,0.7897568681318681,0.6551971772398009,0.3395708556355848,cardio,0.35,0,logreg,threshold
1947,653,428,972,0.72975,0.6942857142857143,0.7488461538461538,0.7215659340659341,0.5981538461538461,0.6426446280991736,0.7897387362637364,0.654779793395983,0.4852874021548094,cardio,0.35,0,logreg,weight+threshold
2169,431,578,822,0.74775,0.5871428571428572,0.8342307692307692,0.7106868131868131,0.656025538707103,0.6196758386732002,0.7705370879120881,0.6295694741294039,0.5,cardio,0.35,0,rf,default
2186,414,589,811,0.74925,0.5792857142857143,0.8407692307692308,0.7100274725274726,0.6620408163265306,0.617904761904762,0.7696402472527472,0.6315099787910736,0.5,cardio,0.35,0,rf,weight
1823,777,398,1002,0.70625,0.7157142857142857,0.7011538461538461,0.708434065934066,0.5632377740303541,0.6303869141239384,0.7687270604395604,0.6213359080970282,0.5,cardio,0.35,0,rf,undersample
2027,573,504,896,0.73075,0.64,0.7796153846153846,0.7098076923076924,0.6099387338325392,0.624607877309167,0.767120054945055,0.6265882017218778,0.5,cardio,0.35,0,rf,smote
2098,502,528,872,0.7425,0.6228571428571429,0.806923076923077,0.7148901098901099,0.6346433770014556,0.6286950252343186,0.7705370879120881,0.6295694741294039,0.4633333333333333,cardio,0.35,0,rf,threshold
1919,681,448,952,0.71775,0.68,0.7380769230769231,0.7090384615384615,0.5829761175750153,0.6277612924497198,0.7696402472527472,0.6315099787910736,0.38333333333333336,cardio,0.35,0,rf,weight+threshold
2250,350,591,809,0.76475,0.5778571428571428,0.8653846153846154,0.7216208791208791,0.6980155306298533,0.6322782336850333,0.7872807692307693,0.6518538834254684,0.5,cardio,0.35,0,hgb,default
1982,618,431,969,0.73775,0.6921428571428572,0.7623076923076924,0.7272252747252748,0.610586011342155,0.6488115165718112,0.7863950549450549,0.6523715057317725,0.5,cardio,0.35,0,hgb,weight
1934,666,427,973,0.72675,0.695,0.7438461538461538,0.7194230769230769,0.5936546674801708,0.640342217834814,0.7832793956043956,0.6394097134523767,0.5,cardio,0.35,0,hgb,undersample
2092,508,502,898,0.7475,0.6414285714285715,0.8046153846153846,0.723021978021978,0.6386913229018493,0.6400570206699928,0.7877678571428571,0.6493416225666009,0.5,cardio,0.35,0,hgb,smote
2025,575,456,944,0.74225,0.6742857142857143,0.7788461538461539,0.7265659340659341,0.6214614878209348,0.646796848235697,0.7872807692307693,0.6518538834254684,0.3742865148615263,cardio,0.35,0,hgb,threshold
2054,546,457,943,0.74925,0.6735714285714286,0.79,0.7317857142857143,0.6333109469442579,0.65282104534441,0.7863950549450549,0.6523715057317725,0.5277495733614691,cardio,0.35,0,hgb,weight+threshold
2339,261,738,662,0.75025,0.47285714285714286,0.8996153846153846,0.6862362637362638,0.7172264355362947,0.5699526474386569,0.7897711538461538,0.6580885573944932,0.5,cardio,0.35,1,logreg,default
2037,563,470,930,0.74175,0.6642857142857143,0.7834615384615384,0.7238736263736263,0.622906898861353,0.6429312132734186,0.7896840659340658,0.6573787664166447,0.5,cardio,0.35,1,logreg,weight
2042,558,463,937,0.74475,0.6692857142857143,0.7853846153846153,0.7273351648351648,0.6267558528428093,0.6473229706390329,0.7904326923076922,0.6577006184537398,0.5,cardio,0.35,1,logreg,undersample
2035,565,471,929,0.741,0.6635714285714286,0.7826923076923077,0.7231318681318681,0.6218206157965194,0.6420179682100898,0.789614010989011,0.6580319783506308,0.5,cardio,0.35,1,logreg,smote
2084,516,493,907,0.74775,0.6478571428571429,0.8015384615384615,0.7246978021978022,0.6373858046380886,0.642578816861495,0.7897711538461538,0.6580885573944932,0.3635070145971418,cardio,0.35,1,logreg,threshold
2023,577,459,941,0.741,0.6721428571428572,0.7780769230769231,0.7251098901098901,0.6198945981554678,0.6449623029472241,0.7896840659340658,0.6573787664166447,0.4936803066505716,cardio,0.35,1,logreg,weight+threshold
2212,388,637,763,0.74375,0.545,0.8507692307692307,0.6978846153846154,0.6629018245004344,0.5981967855742847,0.7700089285714287,0.636711618985296,0.5,cardio,0.35,1,rf,default
2221,379,651,749,0.7425,0.535,0.8542307692307692,0.6946153846153846,0.6640070921985816,0.5925632911392406,0.7707729395604396,0.6393359246347051,0.5,cardio,0.35,1,rf,weight
1903,697,448,952,0.71375,0.68,0.7319230769230769,0.7059615384615385,0.5773195876288659,0.6244670383732371,0.774270054945055,0.6382604316195438,0.5,cardio,0.35,1,rf,undersample
2102,498,557,843,0.73625,0.6021428571428571,0.8084615384615385,0.7053021978021978,0.6286353467561522,0.6151039766508575,0.7693108516483517,0.6312680355037781,0.5,cardio,0.35,1,rf,smote
1967,633,486,914,0.72025,0.6528571428571428,0.7565384615384615,0.7046978021978021,0.5908209437621202,0.6202918221920598,0.7700089285714287,0.636711618985296,0.38333333333333336,cardio,0.35,1,rf,threshold
2004,596,505,895,0.72475,0.6392857142857142,0.7707692307692308,0.7050274725274726,0.6002682763246143,0.6191629194050501,0.7707729395604396,0.6393359246347051,0.39,cardio,0.35,1,rf,weight+threshold
2277,323,670,730,0.75175,0.5214285714285715,0.8757692307692307,0.6985989010989011,0.6932573599240266,0.5951895637994293,0.7909509615384617,0.6627314707366152,0.5,cardio,0.35,1,hgb,default
2028,572,476,924,0.738,0.66,0.78,0.72,0.6176470588235294,0.638121546961326,0.7923278846153846,0.6698054937676328,0.5,cardio,0.35,1,hgb,weight
1993,607,458,942,0.73375,0.6728571428571428,0.7665384615384615,0.7196978021978022,0.6081342801807618,0.6388606307222788,0.7872034340659341,0.6571679420211539,0.5,cardio,0.35,1,hgb,undersample
2155,445,562,838,0.74825,0.5985714285714285,0.8288461538461539,0.7137087912087912,0.6531566640685893,0.6246738725307491,0.7868925824175824,0.6483904001013975,0.5,cardio,0.35,1,hgb,smote
1877,723,376,1024,0.72525,0.7314285714285714,0.7219230769230769,0.7266758241758242,0.5861476817401259,0.6507785192246583,0.7909509615384617,0.6627314707366152,0.30310060538940214,cardio,0.35,1,hgb,threshold
1868,732,377,1023,0.72275,0.7307142857142858,0.7184615384615385,0.7245879120879122,0.582905982905983,0.6484944532488114,0.7923278846153846,0.6698054937676328,0.4411577872151005,cardio,0.35,1,hgb,weight+threshold
2334,266,712,688,0.7555,0.49142857142857144,0.8976923076923077,0.6945604395604396,0.7211740041928721,0.5845369583687341,0.7817211538461539,0.6538477300735722,0.5,cardio,0.35,2,logreg,default
2011,589,469,931,0.7355,0.665,0.7734615384615384,0.7192307692307692,0.6125,0.6376712328767125,0.7817010989010988,0.6537192156318813,0.5,cardio,0.35,2,logreg,weight
2004,596,466,934,0.7345,0.6671428571428571,0.7707692307692308,0.718956043956044,0.6104575163398693,0.6375426621160409,0.7816532967032966,0.6537286096350621,0.5,cardio,0.35,2,logreg,undersample
2011,589,473,927,0.7345,0.6621428571428571,0.7734615384615384,0.7178021978021978,0.6114775725593667,0.6358024691358025,0.7816247252747254,0.6539237088537667,0.5,cardio,0.35,2,logreg,smote
1965,635,438,962,0.73175,0.6871428571428572,0.7557692307692307,0.721456043956044,0.6023794614902943,0.6419753086419754,0.7817211538461539,0.6538477300735722,0.33704440810207886,cardio,0.35,2,logreg,threshold
2038,562,485,915,0.73825,0.6535714285714286,0.7838461538461539,0.7187087912087913,0.6194989844278944,0.6360792492179353,0.7817010989010988,0.6537192156318813,0.5073913024509128,cardio,0.35,2,logreg,weight+threshold
2172,428,587,813,0.74625,0.5807142857142857,0.8353846153846154,0.7080494505494506,0.6551168412570507,0.6156758803483529,0.7737880494505494,0.6413474294303949,0.5,cardio,0.35,2,rf,default
2180,420,590,810,0.7475,0.5785714285714286,0.8384615384615385,0.7085164835164836,0.6585365853658537,0.6159695817490495,0.7721925824175824,0.6401575679354385,0.5,cardio,0.35,2,rf,weight
1828,772,387,1013,0.71025,0.7235714285714285,0.703076923076923,0.7133241758241757,0.5675070028011204,0.6361067503924647,0.7722331043956044,0.6342995552660358,0.5,cardio,0.35,2,rf,undersample
2037,563,520,880,0.72925,0.6285714285714286,0.7834615384615384,0.7060164835164835,0.6098406098406098,0.6190643686246923,0.7674791208791208,0.6314911380651712,0.5,cardio,0.35,2,rf,smote
1933,667,444,956,0.72225,0.6828571428571428,0.7434615384615385,0.7131593406593406,0.5890326555760936,0.632484287131988,0.7737880494505494,0.6413474294303949,0.38666666666666666,cardio,0.35,2,rf,threshold
1991,609,467,933,0.731,0.6664285714285715,0.7657692307692308,0.7160989010989012,0.6050583657587548,0.6342624065261726,0.7721925824175824,0.6401575679354385,0.39929292929292926,cardio,0.35,2,rf,weight+threshold
2298,302,615,785,0.77075,0.5607142857142857,0.8838461538461538,0.7222802197802198,0.7221711131554738,0.6312826698833937,0.7903056318681319,0.6632482867047614,0.5,cardio,0.35,2,hgb,default
1969,631,438,962,0.73275,0.6871428571428572,0.7573076923076923,0.7222252747252748,0.6038920276208412,0.642833277647845,0.7895910714285714,0.6649904780385432,0.5,cardio,0.35,2,hgb,weight
1930,670,413,987,0.72925,0.705,0.7423076923076923,0.7236538461538462,0.5956547978273989,0.6457311089303238,0.7826171703296703,0.6497232393972104,0.5,cardio,0.35,2,hgb,undersample
2120,480,528,872,0.748,0.6228571428571429,0.8153846153846154,0.7191208791208792,0.6449704142011834,0.6337209302325582,0.7813946428571429,0.6446012559995263,0.5,cardio,0.35,2,hgb,smote
2062,538,469,931,0.74825,0.665,0.7930769230769231,0.7290384615384615,0.6337644656228727,0.6490066225165563,0.7903056318681319,0.6632482867047614,0.3783934094135978,cardio,0.35,2,hgb,threshold
1981,619,444,956,0.73425,0.6828571428571428,0.7619230769230769,0.7223901098901099,0.606984126984127,0.642689075630252,0.7895910714285714,0.6649904780385432,0.5032676658520777,cardio,0.35,2,hgb,weight+threshold
2328,272,707,693,0.75525,0.495,0.8953846153846153,0.6951923076923077,0.7181347150259068,0.586046511627907,0.7933104395604397,0.6558583548887715,0.5,cardio,0.35,3,logreg,default
2018,582,444,956,0.7435,0.6828571428571428,0.7761538461538462,0.7295054945054945,0.6215864759427828,0.650782845473111,0.7932898351648352,0.6555057324610682,0.5,cardio,0.35,3,logreg,weight
2001,599,432,968,0.74225,0.6914285714285714,0.7696153846153846,0.730521978021978,0.6177409061901723,0.6525109538254128,0.7930587912087912,0.6555218094056837,0.5,cardio,0.35,3,logreg,undersample
2007,593,442,958,0.74125,0.6842857142857143,0.7719230769230769,0.7281043956043955,0.6176660219213411,0.6492714334124026,0.7931,0.655476221039478,0.5,cardio,0.35,3,logreg,smote
1994,606,422,978,0.743,0.6985714285714286,0.7669230769230769,0.7327472527472527,0.6174242424242424,0.6554959785522789,0.7933104395604397,0.6558583548887715,0.34203818286664206,cardio,0.35,3,logreg,threshold
2010,590,441,959,0.74225,0.685,0.7730769230769231,0.7290384615384615,0.6191091026468689,0.6503899626992201,0.7932898351648352,0.6555057324610682,0.498131245006377,cardio,0.35,3,logreg,weight+threshold
2199,401,582,818,0.75425,0.5842857142857143,0.8457692307692307,0.7150274725274726,0.6710418375717802,0.6246659030164184,0.7823499999999999,0.6414214547351238,0.5,cardio,0.35,3,rf,default
2210,390,595,805,0.75375,0.575,0.85,0.7124999999999999,0.6736401673640168,0.6204238921001927,0.7805096153846155,0.6362556036450235,0.5,cardio,0.35,3,rf,weight
1895,705,412,988,0.72075,0.7057142857142857,0.7288461538461538,0.7172802197802197,0.583579444772593,0.6388619463304236,0.7854049450549451,0.6524474201818897,0.5,cardio,0.35,3,rf,undersample
2086,514,521,879,0.74125,0.6278571428571429,0.8023076923076923,0.7150824175824175,0.6310122038765255,0.6294307196562836,0.7785748626373628,0.6288078375093874,0.5,cardio,0.35,3,rf,smote
2094,506,501,899,0.74825,0.6421428571428571,0.8053846153846154,0.7237637362637362,0.6398576512455516,0.6409982174688057,0.7823499999999999,0.6414214547351238,0.43666666666666665,cardio,0.35,3,rf,threshold
2079,521,496,904,0.74575,0.6457142857142857,0.7996153846153846,0.7226648351648352,0.6343859649122807,0.64,0.7805096153846155,0.6362556036450235,0.42,cardio,0.35,3,rf,weight+threshold
2272,328,594,806,0.7695,0.5757142857142857,0.8738461538461538,0.7247802197802198,0.7107583774250441,0.6361483820047356,0.8010622252747253,0.6676415287565768,0.5,cardio,0.35,3,hgb,default
2016,584,426,974,0.7475,0.6957142857142857,0.7753846153846153,0.7355494505494505,0.6251604621309371,0.658553076402975,0.7996340659340659,0.6683925106349232,0.5,cardio,0.35,3,hgb,weight
1992,608,412,988,0.745,0.7057142857142857,0.7661538461538462,0.735934065934066,0.6190476190476191,0.6595460614152203,0.7984346153846152,0.664547457256438,0.5,cardio,0.35,3,hgb,undersample
2133,467,512,888,0.75525,0.6342857142857142,0.8203846153846154,0.7273351648351648,0.6553505535055351,0.6446460980036296,0.7955914835164835,0.6603107687017473,0.5,cardio,0.35,3,hgb,smote
1977,623,401,999,0.744,0.7135714285714285,0.7603846153846154,0.736978021978022,0.6159062885326757,0.6611515552614162,0.8010622252747253,0.6676415287565768,0.3395440728304706,cardio,0.35,3,hgb,threshold
2066,534,446,954,0.755,0.6814285714285714,0.7946153846153846,0.738021978021978,0.6411290322580645,0.6606648199445982,0.7996340659340659,0.6683925106349232,0.5164846641036499,cardio,0.35,3,hgb,weight+threshold
2295,305,669,731,0.7565,0.5221428571428571,0.8826923076923077,0.7024175824175825,0.7055984555984556,0.6001642036124794,0.7922098901098902,0.6577801890293432,0.5,cardio,0.35,4,logreg,default
2045,555,451,949,0.7485,0.6778571428571428,0.7865384615384615,0.7321978021978022,0.6309840425531915,0.6535812672176309,0.7926258241758242,0.6577627503573591,0.5,cardio,0.35,4,logreg,weight
2039,561,446,954,0.74825,0.6814285714285714,0.7842307692307692,0.7328296703296703,0.6297029702970297,0.6545454545454545,0.7925697802197803,0.6568945580302791,0.5,cardio,0.35,4,logreg,undersample
2044,556,450,950,0.7485,0.6785714285714286,0.7861538461538462,0.7323626373626374,0.6308100929614874,0.653819683413627,0.7918673076923077,0.6577737747025187,0.5,cardio,0.35,4,logreg,smote
2011,589,435,965,0.744,0.6892857142857143,0.7734615384615384,0.7313736263736264,0.620978120978121,0.6533513879485443,0.7922098901098902,0.6577801890293432,0.3365408690603198,cardio,0.35,4,logreg,threshold
1997,603,430,970,0.74175,0.6928571428571428,0.7680769230769231,0.730467032967033,0.6166560712015258,0.6525395223679785,0.7926258241758242,0.6577627503573591,0.48227466968345967,cardio,0.35,4,logreg,weight+threshold
2147,453,572,828,0.74375,0.5914285714285714,0.8257692307692308,0.7085989010989011,0.6463700234192038,0.617679970160388,0.7778931318681319,0.6397186192548167,0.5,cardio,0.35,4,rf,default
2163,437,592,808,0.74275,0.5771428571428572,0.8319230769230769,0.704532967032967,0.648995983935743,0.6109640831758033,0.7769596153846153,0.6360206795117924,0.5,cardio,0.35,4,rf,weight
1895,705,418,982,0.71925,0.7014285714285714,0.7288461538461538,0.7151373626373626,0.5820983995257855,0.6362163913184321,0.7743520604395605,0.6298007494193539,0.5,cardio,0.35,4,rf,undersample
2013,587,514,886,0.72475,0.6328571428571429,0.7742307692307693,0.703543956043956,0.6014935505770537,0.6167768882701009,0.7707896978021977,0.6263415404152002,0.5,cardio,0.35,4,rf,smote
1934,666,424,976,0.7275,0.6971428571428572,0.7438461538461538,0.7204945054945056,0.5943970767356882,0.6416831032215649,0.7778931318681319,0.6397186192548167,0.37666666666666665,cardio,0.35,4,rf,threshold
1798,802,368,1032,0.7075,0.7371428571428571,0.6915384615384615,0.7143406593406594,0.5627044711014176,0.6382189239332097,0.7769596153846153,0.6360206795117924,0.32,cardio,0.35,4,rf,weight+threshold
2243,357,583,817,0.765,0.5835714285714285,0.8626923076923076,0.7231318681318681,0.6959114139693356,0.6348096348096348,0.7984342032967032,0.6660486243953008,0.5,cardio,0.35,4,hgb,default
2022,578,415,985,0.75175,0.7035714285714286,0.7776923076923077,0.7406318681318682,0.6301983365323096,0.6648666891663854,0.799392445054945,0.663722843309227,0.5,cardio,0.35,4,hgb,weight
2010,590,419,981,0.74775,0.7007142857142857,0.7730769230769231,0.7368956043956044,0.6244430299172502,0.6603837091888253,0.793169642857143,0.658875449119772,0.5,cardio,0.35,4,hgb,undersample
2119,481,500,900,0.75475,0.6428571428571429,0.815,0.7289285714285714,0.6517016654598118,0.6472491909385114,0.7889392857142857,0.636640427703975,0.5,cardio,0.35,4,hgb,smote
2013,587,403,997,0.7525,0.7121428571428572,0.7742307692307693,0.7431868131868132,0.6294191919191919,0.6682305630026809,0.7984342032967032,0.6660486243953008,0.34991744970389965,cardio,0.35,4,hgb,threshold
2030,570,416,984,0.7535,0.7028571428571428,0.7807692307692308,0.7418131868131868,0.6332046332046332,0.6662153012863913,0.799392445054945,0.663722843309227,0.5025695495791249,cardio,0.35,4,hgb,weight+threshold
3920,0,80,0,0.98,0.0,1.0,0.5,0.0,0.0,0.8137101403061224,0.08738423019706493,0.5,diabetes,0.02,0,logreg,default
2826,1094,17,63,0.72225,0.7875,0.7209183673469388,0.7542091836734695,0.05445116681071737,0.10185933710590138,0.8242777423469387,0.09108596113550786,0.5,diabetes,0.02,0,logreg,weight
2750,1170,20,60,0.7025,0.75,0.701530612244898,0.7257653061224489,0.04878048780487805,0.09160305343511452,0.7968829719387754,0.07616177573247353,0.5,diabetes,0.02,0,logreg,undersample
2824,1096,17,63,0.72175,0.7875,0.7204081632653061,0.7539540816326531,0.054357204486626405,0.1016949152542373,0.8150143494897959,0.08715271569716906,0.5,diabetes,0.02,0,logreg,smote
2486,1434,11,69,0.63875,0.8625,0.6341836734693878,0.7483418367346939,0.04590818363273453,0.08717624763108021,0.8137101403061224,0.08738423019706493,0.014370613980275934,diabetes,0.02,0,logreg,threshold
2613,1307,12,68,0.67025,0.85,0.6665816326530613,0.7582908163265306,0.04945454545454545,0.09347079037800687,0.8242777423469387,0.09108596113550786,0.43496230840659394,diabetes,0.02,0,logreg,weight+threshold
3920,0,80,0,0.98,0.0,1.0,0.5,0.0,0.0,0.796626275510204,0.06576366702263148,0.5,diabetes,0.02,0,rf,default
3920,0,80,0,0.98,0.0,1.0,0.5,0.0,0.0,0.8026132015306122,0.0627660917871013,0.5,diabetes,0.02,0,rf,weight
2695,1225,16,64,0.68975,0.8,0.6875,0.74375,0.04965089216446858,0.09349890430971512,0.8192378826530613,0.0772697162490346,0.5,diabetes,0.02,0,rf,undersample
3913,7,79,1,0.9785,0.0125,0.9982142857142857,0.5053571428571428,0.125,0.022727272727272728,0.7784486607142856,0.06204092604336132,0.5,diabetes,0.02,0,rf,smote
2384,1536,9,71,0.61375,0.8875,0.6081632653061224,0.7478316326530612,0.04418170504044804,0.08417308832246592,0.796626275510204,0.06576366702263148,0.013333333333333334,diabetes,0.02,0,rf,threshold
2638,1282,13,67,0.67625,0.8375,0.6729591836734694,0.7552295918367347,0.04966641957005189,0.09377186843946816,0.8026132015306122,0.0627660917871013,0.016666666666666666,diabetes,0.02,0,rf,weight+threshold
3919,1,80,0,0.97975,0.0,0.9997448979591836,0.4998724489795918,0.0,0.0,0.820969387755102,0.07416701163587874,0.5,diabetes,0.02,0,hgb,default
3098,822,27,53,0.78775,0.6625,0.7903061224489796,0.7264030612244898,0.060571428571428575,0.11099476439790576,0.8223198341836734,0.07819008866734382,0.5,diabetes,0.02,0,hgb,weight
2698,1222,18,62,0.69,0.775,0.688265306122449,0.7316326530612245,0.048286604361370715,0.09090909090909091,0.8025749362244897,0.0687829101759117,0.5,diabetes,0.02,0,hgb,undersample
3919,1,80,0,0.97975,0.0,0.9997448979591836,0.4998724489795918,0.0,0.0,0.7983529974489796,0.07489734445040172,0.5,diabetes,0.02,0,hgb,smote
2621,1299,12,68,0.67225,0.85,0.6686224489795919,0.7593112244897959,0.04974396488661302,0.0939875604699378,0.820969387755102,0.07416701163587874,0.014038402048601791,diabetes,0.02,0,hgb,threshold
2438,1482,10,70,0.627,0.875,0.621938775510204,0.7484693877551021,0.045103092783505154,0.0857843137254902,0.8223198341836734,0.07819008866734382,0.2596176612626576,diabetes,0.02,0,hgb,weight+threshold
3919,1,80,0,0.97975,0.0,0.9997448979591836,0.4998724489795918,0.0,0.0,0.7940943877551021,0.07357492341478183,0.5,diabetes,0.02,1,logreg,default
2912,1008,22,58,0.7425,0.725,0.7428571428571429,0.7339285714285715,0.054409005628517824,0.10122164048865619,0.7954655612244897,0.06849527743215503,0.5,diabetes,0.02,1,logreg,weight
2861,1059,24,56,0.72925,0.7,0.7298469387755102,0.7149234693877551,0.05022421524663677,0.09372384937238494,0.7878411989795919,0.06993703764002623,0.5,diabetes,0.02,1,logreg,undersample
2927,993,20,60,0.74675,0.75,0.7466836734693878,0.7483418367346939,0.05698005698005698,0.1059135039717564,0.7982621173469387,0.06998217781002936,0.5,diabetes,0.02,1,logreg,smote
2117,1803,11,69,0.5465,0.8625,0.5400510204081632,0.7012755102040816,0.03685897435897436,0.07069672131147542,0.7940943877551021,0.07357492341478183,0.010865609019131292,diabetes,0.02,1,logreg,threshold
2138,1782,9,71,0.55225,0.8875,0.5454081632653062,0.716454081632653,0.03831624392876417,0.07346094154164512,0.7954655612244897,0.06849527743215503,0.3149294751979056,diabetes,0.02,1,logreg,weight+threshold
3920,0,80,0,0.98,0.0,1.0,0.5,0.0,0.0,0.7599186862244898,0.07460385596147782,0.5,diabetes,0.02,1,rf,default
3920,0,80,0,0.98,0.0,1.0,0.5,0.0,0.0,0.7702742346938776,0.06612414104748056,0.5,diabetes,0.02,1,rf,weight
2605,1315,16,64,0.66725,0.8,0.6645408163265306,0.7322704081632654,0.046410442349528645,0.08773132282385196,0.810578762755102,0.07369161388077117,0.5,diabetes,0.02,1,rf,undersample
3917,3,79,1,0.9795,0.0125,0.999234693877551,0.5058673469387756,0.25,0.023809523809523808,0.7996014030612244,0.08155232296012067,0.5,diabetes,0.02,1,rf,smote
2499,1421,18,62,0.64025,0.775,0.6375,0.70625,0.041807147673634526,0.07933461292386437,0.7599186862244898,0.07460385596147782,0.016666666666666666,diabetes,0.02,1,rf,threshold
2447,1473,15,65,0.628,0.8125,0.624234693877551,0.7183673469387755,0.04226267880364109,0.0803461063040791,0.7702742346938776,0.06612414104748056,0.013333333333333334,diabetes,0.02,1,rf,weight+threshold
3918,2,80,0,0.9795,0.0,0.9994897959183674,0.4997448979591837,0.0,0.0,0.7991470025510203,0.05977306929503972,0.5,diabetes,0.02,1,hgb,default
3189,731,33,47,0.809,0.5875,0.8135204081632653,0.7005102040816327,0.060411311053984576,0.10955710955710957,0.7970679209183673,0.07728859946146753,0.5,diabetes,0.02,1,hgb,weight
2621,1299,19,61,0.6705,0.7625,0.6686224489795919,0.715561224489796,0.04485294117647059,0.08472222222222223,0.7649713010204081,0.0574904221771259,0.5,diabetes,0.02,1,hgb,undersample
3916,4,79,1,0.97925,0.0125,0.9989795918367347,0.5057397959183674,0.2,0.023529411764705885,0.7906154336734694,0.08371149842658202,0.5,diabetes,0.02,1,hgb,smote
2550,1370,13,67,0.65425,0.8375,0.6505102040816326,0.7440051020408163,0.04662491301322199,0.08833223467369809,0.7991470025510203,0.05977306929503972,0.011749104479988181,diabetes,0.02,1,hgb,threshold
2751,1169,16,64,0.70375,0.8,0.7017857142857142,0.7508928571428571,0.05190592051905921,0.0974866717440975,0.7970679209183673,0.07728859946146753,0.3562538082483533,diabetes,0.02,1,hgb,weight+threshold
3920,0,80,0,0.98,0.0,1.0,0.5,0.0,0.0,0.8104304846938776,0.09422965766025637,0.5,diabetes,0.02,2,logreg,default
2853,1067,16,64,0.72925,0.8,0.7278061224489796,0.7639030612244898,0.05658709106984969,0.10569777043765483,0.8221109693877551,0.10004746484767779,0.5,diabetes,0.02,2,logreg,weight
2812,1108,16,64,0.719,0.8,0.7173469387755103,0.7586734693877552,0.05460750853242321,0.10223642172523961,0.8264477040816326,0.08684409807380275,0.5,diabetes,0.02,2,logreg,undersample
2918,1002,22,58,0.744,0.725,0.7443877551020408,0.7346938775510203,0.05471698113207547,0.10175438596491228,0.8120121173469387,0.09213836085658987,0.5,diabetes,0.02,2,logreg,smote
2879,1041,22,58,0.73425,0.725,0.7344387755102041,0.729719387755102,0.052775250227479524,0.09838846480067853,0.8104304846938776,0.09422965766025637,0.021052317853084562,diabetes,0.02,2,logreg,threshold
3016,904,24,56,0.768,0.7,0.7693877551020408,0.7346938775510203,0.058333333333333334,0.1076923076923077,0.8221109693877551,0.10004746484767779,0.554782279191379,diabetes,0.02,2,logreg,weight+threshold
3919,1,80,0,0.97975,0.0,0.9997448979591836,0.4998724489795918,0.0,0.0,0.8100876913265306,0.06259800251311559,0.5,diabetes,0.02,2,rf,default
3919,1,80,0,0.97975,0.0,0.9997448979591836,0.4998724489795918,0.0,0.0,0.7941820790816327,0.05687059319226978,0.5,diabetes,0.02,2,rf,weight
2630,1290,12,68,0.6745,0.85,0.6709183673469388,0.7604591836734693,0.050073637702503684,0.09457579972183588,0.817732780612245,0.061898389534721286,0.5,diabetes,0.02,2,rf,undersample
3914,6,80,0,0.9785,0.0,0.9984693877551021,0.49923469387755104,0.0,0.0,0.7857764668367347,0.05133325706356739,0.5,diabetes,0.02,2,rf,smote
2367,1553,8,72,0.60975,0.9,0.6038265306122449,0.7519132653061225,0.044307692307692305,0.0844574780058651,0.8100876913265306,0.06259800251311559,0.013333333333333334,diabetes,0.02,2,rf,threshold
3064,856,28,52,0.779,0.65,0.7816326530612245,0.7158163265306123,0.05726872246696035,0.10526315789473685,0.7941820790816327,0.05687059319226978,0.03,diabetes,0.02,2,rf,weight+threshold
3920,0,80,0,0.98,0.0,1.0,0.5,0.0,0.0,0.7894355867346938,0.055907881097321234,0.5,diabetes,0.02,2,hgb,default
3262,658,42,38,0.825,0.475,0.8321428571428572,0.6535714285714286,0.05459770114942529,0.0979381443298969,0.779937818877551,0.06810270691046492,0.5,diabetes,0.02,2,hgb,weight
2694,1226,24,56,0.6875,0.7,0.6872448979591836,0.6936224489795918,0.0436817472698908,0.08223201174743025,0.787952806122449,0.05844879460058257,0.5,diabetes,0.02,2,hgb,undersample
3914,6,80,0,0.9785,0.0,0.9984693877551021,0.49923469387755104,0.0,0.0,0.7867602040816326,0.05955674303780366,0.5,diabetes,0.02,2,hgb,smote
2923,997,29,51,0.7435,0.6375,0.7456632653061225,0.6915816326530613,0.04866412213740458,0.09042553191489361,0.7894355867346938,0.055907881097321234,0.01830504382040146,diabetes,0.02,2,hgb,threshold
2489,1431,14,66,0.63875,0.825,0.6349489795918367,0.7299744897959184,0.04408817635270541,0.08370323398858592,0.779937818877551,0.06810270691046492,0.22361228608473935,diabetes,0.02,2,hgb,weight+threshold
3920,0,80,0,0.98,0.0,1.0,0.5,0.0,0.0,0.8397576530612245,0.10113782047606132,0.5,diabetes,0.02,3,logreg,default
2865,1055,16,64,0.73225,0.8,0.7308673469387755,0.7654336734693878,0.05719392314566577,0.10675562969140952,0.8416932397959184,0.09544736017868245,0.5,diabetes,0.02,3,logreg,weight
2841,1079,14,66,0.72675,0.825,0.7247448979591836,0.7748724489795917,0.05764192139737991,0.10775510204081633,0.8300286989795919,0.08482380226671374,0.5,diabetes,0.02,3,logreg,undersample
2894,1026,18,62,0.739,0.775,0.738265306122449,0.7566326530612245,0.05698529411764706,0.10616438356164384,0.833109056122449,0.09073184435726185,0.5,diabetes,0.02,3,logreg,smote
2410,1510,8,72,0.6205,0.9,0.6147959183673469,0.7573979591836735,0.045512010113780026,0.08664259927797834,0.8397576530612245,0.10113782047606132,0.012911938234049902,diabetes,0.02,3,logreg,threshold
2494,1426,8,72,0.6415,0.9,0.6362244897959184,0.7681122448979592,0.04806408544726302,0.09125475285171102,0.8416932397959184,0.09544736017868245,0.38298770778128366,diabetes,0.02,3,logreg,weight+threshold
3918,2,80,0,0.9795,0.0,0.9994897959183674,0.4997448979591837,0.0,0.0,0.8046269132653061,0.07979798558112525,0.5,diabetes,0.02,3,rf,default
3918,2,80,0,0.9795,0.0,0.9994897959183674,0.4997448979591837,0.0,0.0,0.8014046556122449,0.07738269195522374,0.5,diabetes,0.02,3,rf,weight
2668,1252,14,66,0.6835,0.825,0.6806122448979591,0.7528061224489795,0.05007587253414264,0.0944206008583691,0.8086192602040816,0.07723028105790253,0.5,diabetes,0.02,3,rf,undersample
3911,9,80,0,0.97775,0.0,0.997704081632653,0.4988520408163265,0.0,0.0,0.8001084183673469,0.06738073913215713,0.5,diabetes,0.02,3,rf,smote
2401,1519,12,68,0.61725,0.85,0.6125,0.73125,0.0428481411468179,0.08158368326334733,0.8046269132653061,0.07979798558112525,0.013333333333333334,diabetes,0.02,3,rf,threshold
2668,1252,15,65,0.68325,0.8125,0.6806122448979591,0.7465561224489796,0.04935459377372817,0.09305654974946313,0.8014046556122449,0.07738269195522374,0.016666666666666666,diabetes,0.02,3,rf,weight+threshold
3918,2,80,0,0.9795,0.0,0.9994897959183674,0.4997448979591837,0.0,0.0,0.8099617346938776,0.07816473706822034,0.5,diabetes,0.02,3,hgb,default
3249,671,35,45,0.8235,0.5625,0.8288265306122449,0.6956632653061224,0.06284916201117319,0.11306532663316583,0.819311224489796,0.08713975181199042,0.5,diabetes,0.02,3,hgb,weight
2703,1217,20,60,0.69075,0.75,0.6895408163265306,0.7197704081632653,0.04698512137823023,0.08843036109064112,0.7824362244897959,0.0643490678728087,0.5,diabetes,0.02,3,hgb,undersample
3912,8,79,1,0.97825,0.0125,0.9979591836734694,0.5052295918367347,0.1111111111111111,0.022471910112359553,0.8021364795918369,0.07560510899422121,0.5,diabetes,0.02,3,hgb,smote
2657,1263,12,68,0.68125,0.85,0.6778061224489796,0.7639030612244898,0.05108940646130729,0.09638554216867469,0.8099617346938776,0.07816473706822034,0.010711716161887468,diabetes,0.02,3,hgb,threshold
2892,1028,16,64,0.739,0.8,0.7377551020408163,0.7688775510204082,0.05860805860805861,0.1092150170648464,0.819311224489796,0.08713975181199042,0.3364585300741808,diabetes,0.02,3,hgb,weight+threshold
3919,1,80,0,0.97975,0.0,0.9997448979591836,0.4998724489795918,0.0,0.0,0.8071875000000001,0.0784664085093532,0.5,diabetes,0.02,4,logreg,default
2890,1030,19,61,0.73775,0.7625,0.7372448979591837,0.7498724489795918,0.05591200733272227,0.10418445772843724,0.8139859693877551,0.07931414309344405,0.5,diabetes,0.02,4,logreg,weight
2849,1071,21,59,0.727,0.7375,0.7267857142857143,0.7321428571428572,0.05221238938053097,0.09752066115702479,0.805873724489796,0.07800278570705597,0.5,diabetes,0.02,4,logreg,undersample
2928,992,22,58,0.7465,0.725,0.746938775510204,0.735969387755102,0.05523809523809524,0.10265486725663718,0.8072863520408164,0.0746658229017714,0.5,diabetes,0.02,4,logreg,smote
2450,1470,13,67,0.62925,0.8375,0.625,0.73125,0.043591411841249185,0.08286951144094001,0.8071875000000001,0.0784664085093532,0.01240491738618341,diabetes,0.02,4,logreg,threshold
2736,1184,19,61,0.69925,0.7625,0.6979591836734694,0.7302295918367347,0.04899598393574297,0.0920754716981132,0.8139859693877551,0.07931414309344405,0.4527794027402441,diabetes,0.02,4,logreg,weight+threshold
3919,1,80,0,0.97975,0.0,0.9997448979591836,0.4998724489795918,0.0,0.0,0.7810570790816327,0.06190249243123685,0.5,diabetes,0.02,4,rf,default
3920,0,80,0,0.98,0.0,1.0,0.5,0.0,0.0,0.7792426658163265,0.06365004839128773,0.5,diabetes,0.02,4,rf,weight
2717,1203,9,71,0.697,0.8875,0.6931122448979592,0.7903061224489796,0.05572998430141287,0.10487444608567208,0.8295264668367348,0.07869146522189938,0.5,diabetes,0.02,4,rf,undersample
3916,4,80,0,0.979,0.0,0.9989795918367347,0.49948979591836734,0.0,0.0,0.772265625,0.06163774543994458,0.5,diabetes,0.02,4,rf,smote
2827,1093,27,53,0.72,0.6625,0.7211734693877551,0.6918367346938775,0.0462478184991274,0.08646003262642742,0.7810570790816327,0.06190249243123685,0.023333333333333334,diabetes,0.02,4,rf,threshold
2980,940,26,54,0.7585,0.675,0.7602040816326531,0.7176020408163266,0.05432595573440644,0.1005586592178771,0.7792426658163265,0.06365004839128773,0.023333333333333334,diabetes,0.02,4,rf,weight+threshold
3918,2,80,0,0.9795,0.0,0.9994897959183674,0.4997448979591837,0.0,0.0,0.7713855229591837,0.06104289295630421,0.5,diabetes,0.02,4,hgb,default
3311,609,36,44,0.83875,0.55,0.8446428571428571,0.6973214285714286,0.06738131699846861,0.12005457025920874,0.7844084821428572,0.06764553736485157,0.5,diabetes,0.02,4,hgb,weight
2638,1282,13,67,0.67625,0.8375,0.6729591836734694,0.7552295918367347,0.04966641957005189,0.09377186843946816,0.7958067602040817,0.06315228106204883,0.5,diabetes,0.02,4,hgb,undersample
3917,3,79,1,0.9795,0.0125,0.999234693877551,0.5058673469387756,0.25,0.023809523809523808,0.7590242346938776,0.06289298923378685,0.5,diabetes,0.02,4,hgb,smote
2502,1418,21,59,0.64025,0.7375,0.638265306122449,0.6878826530612245,0.03994583615436696,0.07578676942838793,0.7713855229591837,0.06104289295630421,0.011829040621753462,diabetes,0.02,4,hgb,threshold
2415,1505,13,67,0.6205,0.8375,0.6160714285714286,0.7267857142857144,0.04262086513994911,0.0811138014527845,0.7844084821428572,0.06764553736485157,0.2229563038957593,diabetes,0.02,4,hgb,weight+threshold
3556,44,369,31,0.89675,0.0775,0.9877777777777778,0.5326388888888889,0.41333333333333333,0.13052631578947366,0.8184888888888889,0.3126425923181109,0.5,diabetes,0.1,0,logreg,default
2557,1043,92,308,0.71625,0.77,0.7102777777777778,0.7401388888888889,0.22797927461139897,0.35179897201599086,0.8192979166666668,0.311199792809322,0.5,diabetes,0.1,0,logreg,weight
2574,1026,92,308,0.7205,0.77,0.715,0.7424999999999999,0.23088455772113944,0.3552479815455594,0.8183000000000001,0.30922939136186334,0.5,diabetes,0.1,0,logreg,undersample
2590,1010,94,306,0.724,0.765,0.7194444444444444,0.7422222222222222,0.23252279635258358,0.35664335664335667,0.8179631944444444,0.30931999987662384,0.5,diabetes,0.1,0,logreg,smote
2410,1190,71,329,0.68475,0.8225,0.6694444444444444,0.7459722222222223,0.21658986175115208,0.34288692027097445,0.8184888888888889,0.3126425923181109,0.08613200794455367,diabetes,0.1,0,logreg,threshold
2402,1198,74,326,0.682,0.815,0.6672222222222223,0.741111111111111,0.21391076115485563,0.33887733887733884,0.8192979166666668,0.311199792809322,0.44764943708555016,diabetes,0.1,0,logreg,weight+threshold
3571,29,372,28,0.89975,0.07,0.9919444444444444,0.5309722222222222,0.49122807017543857,0.12253829321663018,0.7999878472222222,0.2956078143157873,0.5,diabetes,0.1,0,rf,default
3572,28,375,25,0.89925,0.0625,0.9922222222222222,0.5273611111111112,0.4716981132075472,0.11037527593818984,0.7990298611111112,0.2908879371951163,0.5,diabetes,0.1,0,rf,weight
2447,1153,80,320,0.69175,0.8,0.6797222222222222,0.7398611111111111,0.2172437202987101,0.34169781099839835,0.8060583333333333,0.2866356257058229,0.5,diabetes,0.1,0,rf,undersample
3468,132,317,83,0.88775,0.2075,0.9633333333333334,0.5854166666666667,0.386046511627907,0.2699186991869919,0.8039208333333334,0.29872177984784104,0.5,diabetes,0.1,0,rf,smote
2226,1374,71,329,0.63875,0.8225,0.6183333333333333,0.7204166666666667,0.19318849089841456,0.3128863528292915,0.7999878472222222,0.2956078143157873,0.08666666666666667,diabetes,0.1,0,rf,threshold
2466,1134,92,308,0.6935,0.77,0.685,0.7275,0.21359223300970873,0.3344191096634093,0.7990298611111112,0.2908879371951163,0.1,diabetes,0.1,0,rf,weight+threshold
3567,33,362,38,0.90125,0.095,0.9908333333333333,0.5429166666666667,0.5352112676056338,0.16135881104033972,0.818045138888889,0.34264189873772977,0.5,diabetes,0.1,0,hgb,default
2681,919,104,296,0.74425,0.74,0.7447222222222222,0.742361111111111,0.24362139917695474,0.3665634674922601,0.8205850694444445,0.328678364231076,0.5,diabetes,0.1,0,hgb,weight
2494,1106,93,307,0.70025,0.7675,0.6927777777777778,0.7301388888888889,0.2172682236376504,0.33866519580805293,0.7988458333333334,0.28057172765959615,0.5,diabetes,0.1,0,hgb,undersample
3529,71,343,57,0.8965,0.1425,0.9802777777777778,0.5613888888888889,0.4453125,0.21590909090909088,0.8181520833333333,0.32836213621340804,0.5,diabetes,0.1,0,hgb,smote
2476,1124,85,315,0.69775,0.7875,0.6877777777777778,0.737638888888889,0.21890201528839473,0.3425774877650897,0.818045138888889,0.34264189873772977,0.08479402777161442,diabetes,0.1,0,hgb,threshold
2576,1024,90,310,0.7215,0.775,0.7155555555555555,0.7452777777777777,0.23238380809595202,0.3575547866205306,0.8205850694444445,0.328678364231076,0.4580518347059467,diabetes,0.1,0,hgb,weight+threshold
3569,31,371,29,0.8995,0.0725,0.9913888888888889,0.5319444444444444,0.48333333333333334,0.12608695652173912,0.8282493055555556,0.32613557449166514,0.5,diabetes,0.1,1,logreg,default
2664,936,103,297,0.74025,0.7425,0.74,0.74125,0.24087591240875914,0.36374770361298225,0.829526388888889,0.325633094600964,0.5,diabetes,0.1,1,logreg,weight
2669,931,104,296,0.74125,0.74,0.7413888888888889,0.7406944444444444,0.24123879380603097,0.363859864781807,0.8274784722222223,0.3264092467631325,0.5,diabetes,0.1,1,logreg,undersample
2675,925,104,296,0.74275,0.74,0.7430555555555556,0.7415277777777778,0.24242424242424243,0.365206662553979,0.826925,0.325651722614423,0.5,diabetes,0.1,1,logreg,smote
2777,823,114,286,0.76575,0.715,0.7713888888888889,0.7431944444444445,0.25788999098286747,0.3790589794565938,0.8282493055555556,0.32613557449166514,0.11542897682751836,diabetes,0.1,1,logreg,threshold
2643,957,101,299,0.7355,0.7475,0.7341666666666666,0.7408333333333333,0.23805732484076433,0.3611111111111111,0.829526388888889,0.325633094600964,0.49274191904165004,diabetes,0.1,1,logreg,weight+threshold
3571,29,376,24,0.89875,0.06,0.9919444444444444,0.5259722222222222,0.4528301886792453,0.10596026490066227,0.810535763888889,0.30030136078316483,0.5,diabetes,0.1,1,rf,default
3577,23,384,16,0.89825,0.04,0.9936111111111111,0.5168055555555555,0.41025641025641024,0.07289293849658315,0.8157121527777776,0.30276167610928545,0.5,diabetes,0.1,1,rf,weight
2554,1046,87,313,0.71675,0.7825,0.7094444444444444,0.7459722222222223,0.23031640912435614,0.3558840250142126,0.8230284722222223,0.32099316101064385,0.5,diabetes,0.1,1,rf,undersample
3472,128,305,95,0.89175,0.2375,0.9644444444444444,0.6009722222222222,0.4260089686098655,0.30497592295345105,0.8142184027777778,0.3232195541583398,0.5,diabetes,0.1,1,rf,smote
2814,786,129,271,0.77125,0.6775,0.7816666666666666,0.7295833333333333,0.2563859981078524,0.3719972546328071,0.810535763888889,0.30030136078316483,0.15111111111111108,diabetes,0.1,1,rf,threshold
2689,911,106,294,0.74575,0.735,0.7469444444444444,0.7409722222222221,0.24398340248962655,0.3663551401869159,0.8157121527777776,0.30276167610928545,0.12,diabetes,0.1,1,rf,weight+threshold
3576,24,379,21,0.89925,0.0525,0.9933333333333333,0.5229166666666667,0.4666666666666667,0.09438202247191012,0.834582986111111,0.33435550769928907,0.5,diabetes,0.1,1,hgb,default
2727,873,104,296,0.75575,0.74,0.7575,0.74875,0.25320786997433703,0.3773103887826641,0.832425,0.34007224579250683,0.5,diabetes,0.1,1,hgb,weight
2591,1009,97,303,0.7235,0.7575,0.7197222222222223,0.7386111111111111,0.23094512195121952,0.3539719626168224,0.8204826388888888,0.31028323880163877,0.5,diabetes,0.1,1,hgb,undersample
3518,82,336,64,0.8955,0.16,0.9772222222222222,0.5686111111111111,0.4383561643835616,0.2344322344322344,0.825298611111111,0.3306574744051978,0.5,diabetes,0.1,1,hgb,smote
2718,882,103,297,0.75375,0.7425,0.755,0.74875,0.25190839694656486,0.37618746041798606,0.834582986111111,0.33435550769928907,0.10946015912592771,diabetes,0.1,1,hgb,threshold
2696,904,97,303,0.74975,0.7575,0.7488888888888889,0.7531944444444445,0.2510356255178128,0.37710018668326073,0.832425,0.34007224579250683,0.48606940074553995,diabetes,0.1,1,hgb,weight+threshold
3557,43,366,34,0.89775,0.085,0.9880555555555556,0.5365277777777778,0.44155844155844154,0.14255765199161427,0.8066458333333334,0.31568751828014785,0.5,diabetes,0.1,2,logreg,default
2611,989,98,302,0.72825,0.755,0.7252777777777778,0.7401388888888889,0.23392718822618125,0.3571850975753992,0.8069479166666667,0.30942070958565604,0.5,diabetes,0.1,2,logreg,weight
2615,985,97,303,0.7295,0.7575,0.7263888888888889,0.7419444444444444,0.23524844720496896,0.3590047393364929,0.8047944444444445,0.29894018588419297,0.5,diabetes,0.1,2,logreg,undersample
2621,979,101,299,0.73,0.7475,0.7280555555555556,0.7377777777777779,0.23395931142410015,0.3563766388557807,0.8070395833333335,0.3089975495341353,0.5,diabetes,0.1,2,logreg,smote
2502,1098,88,312,0.7035,0.78,0.695,0.7375,0.22127659574468084,0.34475138121546955,0.8066458333333334,0.31568751828014785,0.09222900159429809,diabetes,0.1,2,logreg,threshold
2496,1104,86,314,0.7025,0.785,0.6933333333333334,0.7391666666666667,0.22143864598025387,0.34543454345434543,0.8069479166666667,0.30942070958565604,0.46960778785126744,diabetes,0.1,2,logreg,weight+threshold
3565,35,381,19,0.896,0.0475,0.9902777777777778,0.518888888888889,0.35185185185185186,0.08370044052863437,0.7937392361111112,0.28273134216734397,0.5,diabetes,0.1,2,rf,default
3578,22,384,16,0.8985,0.04,0.9938888888888889,0.5169444444444444,0.42105263157894735,0.07305936073059362,0.7967954861111112,0.28891618323824253,0.5,diabetes,0.1,2,rf,weight
2505,1095,96,304,0.70225,0.76,0.6958333333333333,0.7279166666666667,0.21729807005003574,0.3379655364091162,0.8000732638888889,0.29353168363675347,0.5,diabetes,0.1,2,rf,undersample
3472,128,317,83,0.88875,0.2075,0.9644444444444444,0.5859722222222222,0.3933649289099526,0.27168576104746317,0.7985003472222222,0.29781074110764527,0.5,diabetes,0.1,2,rf,smote
2551,1049,102,298,0.71225,0.745,0.7086111111111111,0.7268055555555555,0.2212323682256867,0.3411562678878077,0.7937392361111112,0.28273134216734397,0.11666666666666667,diabetes,0.1,2,rf,threshold
2711,889,131,269,0.745,0.6725,0.7530555555555556,0.7127777777777777,0.23229706390328153,0.34531450577663675,0.7967954861111112,0.28891618323824253,0.12666666666666668,diabetes,0.1,2,rf,weight+threshold
3569,31,372,28,0.89925,0.07,0.9913888888888889,0.5306944444444445,0.4745762711864407,0.12200435729847496,0.8057427083333334,0.30881023247963457,0.5,diabetes,0.1,2,hgb,default
2623,977,100,300,0.73075,0.75,0.7286111111111111,0.7393055555555555,0.23492560689115113,0.3577817531305903,0.8067048611111112,0.3141129925998076,0.5,diabetes,0.1,2,hgb,weight
2531,1069,106,294,0.70625,0.735,0.7030555555555555,0.7190277777777778,0.2157006603081438,0.33352240499149177,0.79515,0.26844246378014297,0.5,diabetes,0.1,2,hgb,undersample
3523,77,346,54,0.89425,0.135,0.9786111111111111,0.5568055555555556,0.4122137404580153,0.2033898305084746,0.8085583333333334,0.3210621596534553,0.5,diabetes,0.1,2,hgb,smote
2543,1057,102,298,0.71025,0.745,0.7063888888888888,0.7256944444444444,0.2199261992619926,0.3396011396011396,0.8057427083333334,0.30881023247963457,0.10198063631534396,diabetes,0.1,2,hgb,threshold
2506,1094,94,306,0.703,0.765,0.6961111111111111,0.7305555555555556,0.21857142857142858,0.34,0.8067048611111112,0.3141129925998076,0.4590858362126275,diabetes,0.1,2,hgb,weight+threshold
3576,24,371,29,0.90125,0.0725,0.9933333333333333,0.5329166666666666,0.5471698113207547,0.1280353200883002,0.8304545138888888,0.3531739155322016,0.5,diabetes,0.1,3,logreg,default
2569,1031,84,316,0.72125,0.79,0.7136111111111111,0.7518055555555556,0.23459539717891612,0.361763022323984,0.830810763888889,0.3522194078379099,0.5,diabetes,0.1,3,logreg,weight
2565,1035,86,314,0.71975,0.785,0.7125,0.74875,0.23276501111934766,0.3590623213264723,0.8303496527777776,0.3517302575082211,0.5,diabetes,0.1,3,logreg,undersample
2573,1027,90,310,0.72075,0.775,0.7147222222222223,0.7448611111111112,0.2318623784592371,0.35693724812895794,0.8264878472222222,0.34420292236181516,0.5,diabetes,0.1,3,logreg,smote
2363,1237,64,336,0.67475,0.84,0.6563888888888889,0.7481944444444444,0.21360457724094087,0.34059807399898634,0.8304545138888888,0.3531739155322016,0.08469027915647918,diabetes,0.1,3,logreg,threshold
2114,1486,42,358,0.618,0.895,0.5872222222222222,0.741111111111111,0.19414316702819956,0.3190730837789661,0.830810763888889,0.3522194078379099,0.3765250361091663,diabetes,0.1,3,logreg,weight+threshold
3576,24,377,23,0.89975,0.0575,0.9933333333333333,0.5254166666666666,0.48936170212765956,0.10290827740492169,0.8114173611111111,0.3289927156358037,0.5,diabetes,0.1,3,rf,default
3582,18,384,16,0.8995,0.04,0.995,0.5175,0.47058823529411764,0.07373271889400922,0.8119878472222223,0.3191807280004115,0.5,diabetes,0.1,3,rf,weight
2428,1172,74,326,0.6885,0.815,0.6744444444444444,0.7447222222222222,0.21762349799732977,0.34351949420442573,0.8216159722222222,0.34758332073807036,0.5,diabetes,0.1,3,rf,undersample
3475,125,314,86,0.89025,0.215,0.9652777777777778,0.5901388888888889,0.4075829383886256,0.281505728314239,0.8073895833333334,0.3084601703456377,0.5,diabetes,0.1,3,rf,smote
2386,1214,81,319,0.67625,0.7975,0.6627777777777778,0.7301388888888889,0.20808871493803,0.33005690636316604,0.8114173611111111,0.3289927156358037,0.10622222222222222,diabetes,0.1,3,rf,threshold
2481,1119,85,315,0.699,0.7875,0.6891666666666667,0.7383333333333333,0.2196652719665272,0.34351145038167935,0.8119878472222223,0.3191807280004115,0.10666666666666667,diabetes,0.1,3,rf,weight+threshold
3576,24,369,31,0.90175,0.0775,0.9933333333333333,0.5354166666666667,0.5636363636363636,0.13626373626373625,0.8336572916666667,0.3624245377299943,0.5,diabetes,0.1,3,hgb,default
2559,1041,83,317,0.719,0.7925,0.7108333333333333,0.7516666666666667,0.23343151693667158,0.3606370875995449,0.8316208333333333,0.37129064349325247,0.5,diabetes,0.1,3,hgb,weight
2433,1167,85,315,0.687,0.7875,0.6758333333333333,0.7316666666666667,0.2125506072874494,0.33475026567481403,0.8155159722222223,0.34877731201435835,0.5,diabetes,0.1,3,hgb,undersample
3528,72,336,64,0.898,0.16,0.98,0.57,0.47058823529411764,0.23880597014925375,0.8234812500000002,0.3431709227479123,0.5,diabetes,0.1,3,hgb,smote
2295,1305,62,338,0.65825,0.845,0.6375,0.74125,0.2057212416311625,0.33088595203132654,0.8336572916666667,0.3624245377299943,0.08023414802262757,diabetes,0.1,3,hgb,threshold
2549,1051,81,319,0.717,0.7975,0.7080555555555555,0.7527777777777778,0.23284671532846715,0.36045197740113,0.8316208333333333,0.37129064349325247,0.49526175492826685,diabetes,0.1,3,hgb,weight+threshold
3561,39,360,40,0.90025,0.1,0.9891666666666666,0.5445833333333333,0.5063291139240507,0.16701461377870566,0.8186479166666667,0.3154986115022025,0.5,diabetes,0.1,4,logreg,default
2617,983,105,295,0.728,0.7375,0.7269444444444444,0.7322222222222222,0.23082942097026604,0.35160905840286055,0.8196902777777777,0.31757559267376567,0.5,diabetes,0.1,4,logreg,weight
2627,973,103,297,0.731,0.7425,0.7297222222222223,0.7361111111111112,0.23385826771653542,0.35568862275449104,0.8175791666666667,0.31457682388491054,0.5,diabetes,0.1,4,logreg,undersample
2608,992,98,302,0.7275,0.755,0.7244444444444444,0.7397222222222222,0.23338485316846985,0.3565525383707202,0.819620138888889,0.3162016795886185,0.5,diabetes,0.1,4,logreg,smote
2752,848,123,277,0.75725,0.6925,0.7644444444444445,0.7284722222222222,0.24622222222222223,0.36327868852459017,0.8186479166666667,0.3154986115022025,0.11859638011985828,diabetes,0.1,4,logreg,threshold
2702,898,114,286,0.747,0.715,0.7505555555555555,0.7327777777777778,0.24155405405405406,0.3611111111111111,0.8196902777777777,0.31757559267376567,0.5273835948916329,diabetes,0.1,4,logreg,weight+threshold
3576,24,377,23,0.89975,0.0575,0.9933333333333333,0.5254166666666666,0.48936170212765956,0.10290827740492169,0.7914468749999999,0.29244681198411926,0.5,diabetes,0.1,4,rf,default
3586,14,383,17,0.90075,0.0425,0.9961111111111111,0.5193055555555556,0.5483870967741935,0.0788863109048724,0.7940718749999999,0.2947893611072585,0.5,diabetes,0.1,4,rf,weight
2505,1095,98,302,0.70175,0.755,0.6958333333333333,0.7254166666666666,0.21617752326413744,0.33611574846967174,0.8063284722222223,0.30521811545213173,0.5,diabetes,0.1,4,rf,undersample
3477,123,323,77,0.8885,0.1925,0.9658333333333333,0.5791666666666666,0.385,0.25666666666666665,0.8006,0.28936954450796887,0.5,diabetes,0.1,4,rf,smote
2561,1039,106,294,0.71375,0.735,0.7113888888888888,0.7231944444444445,0.22055513878469618,0.3392960184650895,0.7914468749999999,0.29244681198411926,0.12333333333333334,diabetes,0.1,4,rf,threshold
2584,1016,109,291,0.71875,0.7275,0.7177777777777777,0.7226388888888888,0.22264728385615914,0.3409490333919156,0.7940718749999999,0.2947893611072585,0.11266666666666665,diabetes,0.1,4,rf,weight+threshold
3580,20,371,29,0.90225,0.0725,0.9944444444444445,0.5334722222222222,0.5918367346938775,0.12917594654788417,0.8195864583333333,0.3272960893913901,0.5,diabetes,0.1,4,hgb,default
2663,937,100,300,0.74075,0.75,0.7397222222222222,0.7448611111111111,0.2425222312045271,0.3665241295051924,0.8229121527777776,0.34854126158569165,0.5,diabetes,0.1,4,hgb,weight
2546,1054,98,302,0.712,0.755,0.7072222222222222,0.731111111111111,0.22271386430678466,0.34396355353075175,0.8060020833333333,0.2929855089271873,0.5,diabetes,0.1,4,hgb,undersample
3531,69,339,61,0.898,0.1525,0.9808333333333333,0.5666666666666667,0.46923076923076923,0.23018867924528302,0.8164013888888889,0.33367533231324076,0.5,diabetes,0.1,4,hgb,smote
2330,1270,70,330,0.665,0.825,0.6472222222222223,0.7361111111111112,0.20625,0.32999999999999996,0.8195864583333333,0.3272960893913901,0.07624318243606013,diabetes,0.1,4,hgb,threshold
2388,1212,68,332,0.68,0.83,0.6633333333333333,0.7466666666666666,0.21502590673575128,0.3415637860082304,0.8229121527777776,0.34854126158569165,0.4147899253137607,diabetes,0.1,4,hgb,weight+threshold
2177,423,589,811,0.747,0.5792857142857143,0.8373076923076923,0.7082967032967034,0.6572123176661264,0.6157934700075929,0.819164010989011,0.668123681244148,0.5,diabetes,0.35,0,logreg,default
1862,738,338,1062,0.731,0.7585714285714286,0.7161538461538461,0.7373626373626374,0.59,0.66375,0.8193711538461539,0.6677002660738801,0.5,diabetes,0.35,0,logreg,weight
1871,729,338,1062,0.73325,0.7585714285714286,0.7196153846153847,0.7390934065934066,0.592964824120603,0.6656220620495142,0.8192884615384615,0.6674366357263494,0.5,diabetes,0.35,0,logreg,undersample
1873,727,338,1062,0.73375,0.7585714285714286,0.7203846153846154,0.7394780219780219,0.5936277249860257,0.6660395108184383,0.8198714285714286,0.6672567013418595,0.5,diabetes,0.35,0,logreg,smote
1688,912,220,1180,0.717,0.8428571428571429,0.6492307692307693,0.746043956043956,0.5640535372848948,0.6758304696449027,0.819164010989011,0.668123681244148,0.28088273192048896,diabetes,0.35,0,logreg,threshold
1728,872,236,1164,0.723,0.8314285714285714,0.6646153846153846,0.748021978021978,0.5717092337917485,0.6775320139697323,0.8193711538461539,0.6677002660738801,0.43787519655124607,diabetes,0.35,0,logreg,weight+threshold
2119,481,546,854,0.74325,0.61,0.815,0.7124999999999999,0.6397003745318353,0.6244972577696527,0.809573076923077,0.6674496195370971,0.5,diabetes,0.35,0,rf,default
2134,466,568,832,0.7415,0.5942857142857143,0.8207692307692308,0.7075274725274725,0.6409861325115562,0.6167531504818384,0.8106266483516483,0.6641236738425464,0.5,diabetes,0.35,0,rf,weight
1813,787,302,1098,0.72775,0.7842857142857143,0.6973076923076923,0.7407967032967033,0.5824933687002652,0.6684931506849314,0.8103747252747252,0.660757054878129,0.5,diabetes,0.35,0,rf,undersample
2065,535,502,898,0.74075,0.6414285714285715,0.7942307692307692,0.7178296703296703,0.6266573621772505,0.6339569361101306,0.8093927197802198,0.6624653547861131,0.5,diabetes,0.35,0,rf,smote
1793,807,292,1108,0.72525,0.7914285714285715,0.6896153846153846,0.7405219780219781,0.5785900783289817,0.668476621417798,0.809573076923077,0.6674496195370971,0.35333333333333333,diabetes,0.35,0,rf,threshold
1753,847,276,1124,0.71925,0.8028571428571428,0.6742307692307692,0.738543956043956,0.5702688990360223,0.6668644319193118,0.8106266483516483,0.6641236738425464,0.3333333333333333,diabetes,0.35,0,rf,weight+threshold
2130,470,519,881,0.75275,0.6292857142857143,0.8192307692307692,0.7242582417582417,0.6521095484826055,0.6404943656852055,0.8243506868131868,0.686632802228833,0.5,diabetes,0.35,0,hgb,default
1851,749,296,1104,0.73875,0.7885714285714286,0.7119230769230769,0.7502472527472528,0.5957906098219105,0.6787580694743314,0.8235508241758243,0.6828787486205159,0.5,diabetes,0.35,0,hgb,weight
1827,773,290,1110,0.73425,0.7928571428571428,0.7026923076923077,0.7477747252747253,0.5894848645778014,0.6762107828205909,0.8205796703296702,0.6796066907305764,0.5,diabetes,0.35,0,hgb,undersample
2073,527,463,937,0.7525,0.6692857142857143,0.7973076923076923,0.7332967032967033,0.6400273224043715,0.6543296089385474,0.8227901098901098,0.6801583329186548,0.5,diabetes,0.35,0,hgb,smote
1877,723,303,1097,0.7435,0.7835714285714286,0.7219230769230769,0.7527472527472527,0.6027472527472527,0.6813664596273292,0.8243506868131868,0.686632802228833,0.36290263376630416,diabetes,0.35,0,hgb,threshold
1794,806,250,1150,0.736,0.8214285714285714,0.69,0.7557142857142857,0.5879345603271984,0.6853396901072706,0.8235508241758243,0.6828787486205159,0.4616639096783951,diabetes,0.35,0,hgb,weight+threshold
2258,342,611,789,0.76175,0.5635714285714286,0.8684615384615385,0.7160164835164835,0.6976127320954907,0.6234689845910707,0.8306304945054945,0.6899675915702538,0.5,diabetes,0.35,1,logreg,default
1896,704,300,1100,0.749,0.7857142857142857,0.7292307692307692,0.7574725274725275,0.6097560975609756,0.686641697877653,0.8307173076923077,0.6897569340691153,0.5,diabetes,0.35,1,logreg,weight
1894,706,300,1100,0.7485,0.7857142857142857,0.7284615384615385,0.7570879120879122,0.6090808416389811,0.6862133499688085,0.8308969780219779,0.6903152748789791,0.5,diabetes,0.35,1,logreg,undersample
1899,701,297,1103,0.7505,0.7878571428571428,0.7303846153846154,0.7591208791208791,0.6114190687361419,0.6885143570536829,0.8302447802197802,0.689203336953305,0.5,diabetes,0.35,1,logreg,smote
1769,831,225,1175,0.736,0.8392857142857143,0.6803846153846154,0.7598351648351649,0.5857427716849452,0.6899588960657662,0.8306304945054945,0.6899675915702538,0.30504974810298063,diabetes,0.35,1,logreg,threshold
1757,843,218,1182,0.73475,0.8442857142857143,0.6757692307692308,0.7600274725274725,0.5837037037037037,0.6902189781021898,0.8307173076923077,0.6897569340691153,0.44082647685070203,diabetes,0.35,1,logreg,weight+threshold
2195,405,566,834,0.75725,0.5957142857142858,0.8442307692307692,0.7199725274725275,0.6731234866828087,0.632057597574839,0.8227756868131868,0.6838213807163411,0.5,diabetes,0.35,1,rf,default
2214,386,562,838,0.763,0.5985714285714285,0.8515384615384616,0.725054945054945,0.684640522875817,0.6387195121951219,0.8225633241758242,0.6814622324765802,0.5,diabetes,0.35,1,rf,weight
1841,759,295,1105,0.7365,0.7892857142857143,0.708076923076923,0.7486813186813186,0.5928111587982833,0.6770833333333334,0.8251946428571428,0.6885619784952624,0.5,diabetes,0.35,1,rf,undersample
2121,479,499,901,0.7555,0.6435714285714286,0.8157692307692308,0.7296703296703297,0.6528985507246376,0.6482014388489209,0.8219864010989011,0.6833335341915598,0.5,diabetes,0.35,1,rf,smote
1786,814,280,1120,0.7265,0.8,0.686923076923077,0.7434615384615385,0.5791106514994829,0.671865626874625,0.8227756868131868,0.6838213807163411,0.3463333333333333,diabetes,0.35,1,rf,threshold
1841,759,292,1108,0.73725,0.7914285714285715,0.708076923076923,0.7497527472527472,0.5934654525977504,0.6782981328435874,0.8225633241758242,0.6814622324765802,0.3519172789588858,diabetes,0.35,1,rf,weight+threshold
2220,380,541,859,0.76975,0.6135714285714285,0.8538461538461538,0.7337087912087912,0.6933010492332526,0.6510041682455475,0.8325561813186814,0.7005116126739515,0.5,diabetes,0.35,1,hgb,default
1897,703,291,1109,0.7515,0.7921428571428571,0.7296153846153847,0.7608791208791209,0.6120309050772627,0.6905354919053549,0.8346973901098902,0.7034702569061367,0.5,diabetes,0.35,1,hgb,weight
1876,724,274,1126,0.7505,0.8042857142857143,0.7215384615384616,0.7629120879120879,0.6086486486486486,0.6929230769230769,0.8290782967032967,0.6904259111728595,0.5,diabetes,0.35,1,hgb,undersample
2161,439,502,898,0.76475,0.6414285714285715,0.8311538461538461,0.7362912087912088,0.6716529543754675,0.6561929119473877,0.8310957417582419,0.6967942774294897,0.5,diabetes,0.35,1,hgb,smote
1876,724,282,1118,0.7485,0.7985714285714286,0.7215384615384616,0.7600549450549451,0.6069489685124865,0.6896977174583591,0.8325561813186814,0.7005116126739515,0.3443918262081933,diabetes,0.35,1,hgb,threshold
1782,818,236,1164,0.7365,0.8314285714285714,0.6853846153846154,0.7584065934065933,0.5872855701311807,0.6883500887049084,0.8346973901098902,0.7034702569061367,0.4526533717286448,diabetes,0.35,1,hgb,weight+threshold
2215,385,622,778,0.74825,0.5557142857142857,0.8519230769230769,0.7038186813186813,0.6689595872742906,0.6071010534529848,0.8123754120879121,0.6684166671209888,0.5,diabetes,0.35,2,logreg,default
1889,711,368,1032,0.73025,0.7371428571428571,0.7265384615384616,0.7318406593406593,0.5920826161790017,0.6566974228444162,0.8124748626373626,0.6680467623280099,0.5,diabetes,0.35,2,logreg,weight
1885,715,365,1035,0.73,0.7392857142857143,0.725,0.7321428571428572,0.5914285714285714,0.6571428571428571,0.8125127747252747,0.6687254669320946,0.5,diabetes,0.35,2,logreg,undersample
1887,713,370,1030,0.72925,0.7357142857142858,0.7257692307692307,0.7307417582417582,0.5909351692484223,0.655424753420299,0.8120710164835165,0.6681990472834711,0.5,diabetes,0.35,2,logreg,smote
1773,827,295,1105,0.7195,0.7892857142857143,0.681923076923077,0.7356043956043956,0.5719461697722568,0.663265306122449,0.8123754120879121,0.6684166671209888,0.30218196591506147,diabetes,0.35,2,logreg,threshold
1773,827,291,1109,0.7205,0.7921428571428571,0.681923076923077,0.7370329670329671,0.5728305785123967,0.6648681055155875,0.8124748626373626,0.6680467623280099,0.4401136499694577,diabetes,0.35,2,logreg,weight+threshold
2160,440,589,811,0.74275,0.5792857142857143,0.8307692307692308,0.7050274725274726,0.64828137490008,0.6118445869483213,0.8078480769230769,0.6648395470798015,0.5,diabetes,0.35,2,rf,default
2165,435,602,798,0.74075,0.57,0.8326923076923077,0.7013461538461538,0.6472019464720195,0.6061526775541207,0.8072744505494505,0.6632456116723835,0.5,diabetes,0.35,2,rf,weight
1846,754,327,1073,0.72975,0.7664285714285715,0.71,0.7382142857142857,0.5873015873015873,0.665013944840409,0.8097116758241758,0.658829572111182,0.5,diabetes,0.35,2,rf,undersample
2094,506,528,872,0.7415,0.6228571428571429,0.8053846153846154,0.7141208791208791,0.6328011611030478,0.6277897768178546,0.8081307692307692,0.662291159755939,0.5,diabetes,0.35,2,rf,smote
1677,923,249,1151,0.707,0.8221428571428572,0.645,0.7335714285714285,0.5549662487945998,0.662636729994243,0.8078480769230769,0.6648395470798015,0.30666666666666664,diabetes,0.35,2,rf,threshold
1893,707,370,1030,0.73075,0.7357142857142858,0.7280769230769231,0.7318956043956044,0.5929763960852044,0.6566783551163532,0.8072744505494505,0.6632456116723835,0.37,diabetes,0.35,2,rf,weight+threshold
2157,443,546,854,0.75275,0.61,0.8296153846153846,0.7198076923076924,0.6584425597532768,0.6332962550982573,0.8173267857142857,0.6755881310222529,0.5,diabetes,0.35,2,hgb,default
1865,735,324,1076,0.73525,0.7685714285714286,0.7173076923076923,0.7429395604395604,0.5941468801766979,0.6701962005605729,0.8176322802197802,0.6817410312252726,0.5,diabetes,0.35,2,hgb,weight
1858,742,331,1069,0.73175,0.7635714285714286,0.7146153846153847,0.7390934065934066,0.590281612368857,0.6658361881033946,0.8149184065934065,0.6704516801491932,0.5,diabetes,0.35,2,hgb,undersample
2103,497,504,896,0.74975,0.64,0.8088461538461539,0.724423076923077,0.6432160804020101,0.6416040100250626,0.8145675824175824,0.6782387104418294,0.5,diabetes,0.35,2,hgb,smote
1870,730,330,1070,0.735,0.7642857142857142,0.7192307692307692,0.7417582417582418,0.5944444444444444,0.66875,0.8173267857142857,0.6755881310222529,0.35304952997512395,diabetes,0.35,2,hgb,threshold
1901,699,343,1057,0.7395,0.755,0.7311538461538462,0.7430769230769231,0.6019362186788155,0.6698352344740177,0.8176322802197802,0.6817410312252726,0.5149489232410345,diabetes,0.35,2,hgb,weight+threshold
2212,388,628,772,0.746,0.5514285714285714,0.8507692307692307,0.701098901098901,0.6655172413793103,0.6031249999999999,0.8186045329670331,0.6731734339155965,0.5,diabetes,0.35,3,logreg,default
1914,686,335,1065,0.74475,0.7607142857142857,0.7361538461538462,0.7484340659340659,0.6082238720731011,0.6759758806728023,0.8188092032967033,0.6728803438956615,0.5,diabetes,0.35,3,logreg,weight
1904,696,333,1067,0.74275,0.7621428571428571,0.7323076923076923,0.7472252747252748,0.605218377765173,0.6746759405627568,0.817967445054945,0.6718523028097654,0.5,diabetes,0.35,3,logreg,undersample
1914,686,335,1065,0.74475,0.7607142857142857,0.7361538461538462,0.7484340659340659,0.6082238720731011,0.6759758806728023,0.8181281593406594,0.6713764794026401,0.5,diabetes,0.35,3,logreg,smote
1778,822,264,1136,0.7285,0.8114285714285714,0.6838461538461539,0.7476373626373627,0.5801838610827375,0.6765932102441929,0.8186045329670331,0.6731734339155965,0.3043815326259478,diabetes,0.35,3,logreg,threshold
1787,813,265,1135,0.7305,0.8107142857142857,0.6873076923076923,0.7490109890109891,0.5826488706365504,0.6780167264038232,0.8188092032967033,0.6728803438956615,0.4507789635450722,diabetes,0.35,3,logreg,weight+threshold
2166,434,562,838,0.751,0.5985714285714285,0.833076923076923,0.7158241758241758,0.6588050314465409,0.6272455089820359,0.8065071428571429,0.6579114244742678,0.5,diabetes,0.35,3,rf,default
2182,418,565,835,0.75425,0.5964285714285714,0.8392307692307692,0.7178296703296703,0.6664006384676776,0.6294760648322654,0.8064557692307692,0.6549703807795089,0.5,diabetes,0.35,3,rf,weight
1815,785,324,1076,0.72275,0.7685714285714286,0.698076923076923,0.7333241758241758,0.5781837721655024,0.6599202698558724,0.8068881868131867,0.6630203286573676,0.5,diabetes,0.35,3,rf,undersample
2100,500,501,899,0.74975,0.6421428571428571,0.8076923076923077,0.7249175824175824,0.6426018584703359,0.6423722758127903,0.8045634615384615,0.651708084855849,0.5,diabetes,0.35,3,rf,smote
1796,804,317,1083,0.71975,0.7735714285714286,0.6907692307692308,0.7321703296703297,0.5739268680445151,0.6589595375722543,0.8065071428571429,0.6579114244742678,0.35,diabetes,0.35,3,rf,threshold
1813,787,318,1082,0.72375,0.7728571428571429,0.6973076923076923,0.7350824175824175,0.5789192081326913,0.6619761394921995,0.8064557692307692,0.6549703807795089,0.3433333333333333,diabetes,0.35,3,rf,weight+threshold
2158,442,538,862,0.755,0.6157142857142858,0.83,0.7228571428571429,0.661042944785276,0.6375739644970415,0.8217918956043956,0.6857804677045509,0.5,diabetes,0.35,3,hgb,default
1834,766,310,1090,0.731,0.7785714285714286,0.7053846153846154,0.741978021978022,0.5872844827586207,0.6695331695331695,0.820353021978022,0.6866369172888079,0.5,diabetes,0.35,3,hgb,weight
1805,795,296,1104,0.72725,0.7885714285714286,0.6942307692307692,0.7414010989010988,0.5813586097946287,0.6692937253713247,0.8149458791208792,0.6722717509985453,0.5,diabetes,0.35,3,hgb,undersample
2098,502,500,900,0.7495,0.6428571428571429,0.806923076923077,0.7248901098901099,0.6419400855920114,0.6423982869379015,0.8195451923076923,0.6786777762223362,0.5,diabetes,0.35,3,hgb,smote
1691,909,230,1170,0.71525,0.8357142857142857,0.6503846153846153,0.7430494505494505,0.5627705627705628,0.6726070709974131,0.8217918956043956,0.6857804677045509,0.3003939977073529,diabetes,0.35,3,hgb,threshold
1725,875,251,1149,0.7185,0.8207142857142857,0.6634615384615384,0.742087912087912,0.5676877470355731,0.671144859813084,0.820353021978022,0.6866369172888079,0.45390311209825474,diabetes,0.35,3,hgb,weight+threshold
2251,349,635,765,0.754,0.5464285714285714,0.8657692307692307,0.706098901098901,0.6867145421903053,0.6085918854415274,0.8209895604395605,0.6756181084391585,0.5,diabetes,0.35,4,logreg,default
1932,668,371,1029,0.74025,0.735,0.7430769230769231,0.7390384615384615,0.6063641720683559,0.6645140458508233,0.8211524725274726,0.6752145619494192,0.5,diabetes,0.35,4,logreg,weight
1932,668,375,1025,0.73925,0.7321428571428571,0.7430769230769231,0.7376098901098901,0.6054341405788541,0.6627869382476559,0.8210675824175824,0.6757205531910317,0.5,diabetes,0.35,4,logreg,undersample
1934,666,373,1027,0.74025,0.7335714285714285,0.7438461538461538,0.7387087912087912,0.6066154754873007,0.6640801810539928,0.8202975274725275,0.6741182755216265,0.5,diabetes,0.35,4,logreg,smote
1876,724,334,1066,0.7355,0.7614285714285715,0.7215384615384616,0.7414835164835165,0.5955307262569832,0.6683385579937304,0.8209895604395605,0.6756181084391585,0.33130351787867607,diabetes,0.35,4,logreg,threshold
1883,717,340,1060,0.73575,0.7571428571428571,0.7242307692307692,0.7406868131868132,0.5965109735509285,0.6672961913755114,0.8211524725274726,0.6752145619494192,0.4795164823416552,diabetes,0.35,4,logreg,weight+threshold
2183,417,587,813,0.749,0.5807142857142857,0.8396153846153847,0.7101648351648352,0.6609756097560976,0.6182509505703423,0.8070692307692309,0.6609389552672889,0.5,diabetes,0.35,4,rf,default
2195,405,586,814,0.75225,0.5814285714285714,0.8442307692307692,0.7128296703296704,0.667760459392945,0.6216113020236732,0.8069873626373626,0.6564575484164441,0.5,diabetes,0.35,4,rf,weight
1815,785,336,1064,0.71975,0.76,0.698076923076923,0.7290384615384615,0.5754461871281774,0.6549707602339181,0.8051436813186814,0.6515789032480462,0.5,diabetes,0.35,4,rf,undersample
2093,507,526,874,0.74175,0.6242857142857143,0.805,0.7146428571428571,0.6328747284576394,0.6285508809780654,0.8057619505494507,0.658727783937277,0.5,diabetes,0.35,4,rf,smote
1826,774,342,1058,0.721,0.7557142857142857,0.7023076923076923,0.729010989010989,0.5775109170305677,0.6547029702970296,0.8070692307692309,0.6609389552672889,0.36333333333333334,diabetes,0.35,4,rf,threshold
1796,804,327,1073,0.71725,0.7664285714285715,0.6907692307692308,0.7285989010989011,0.5716568993074055,0.6548672566371683,0.8069873626373626,0.6564575484164441,0.3466666666666667,diabetes,0.35,4,rf,weight+threshold
2176,424,579,821,0.74925,0.5864285714285714,0.8369230769230769,0.7116758241758241,0.659437751004016,0.6207939508506616,0.8226521978021979,0.6841710998150841,0.5,diabetes,0.35,4,hgb,default
1860,740,331,1069,0.73225,0.7635714285714286,0.7153846153846154,0.7394780219780219,0.5909342177998894,0.6662511685883453,0.8235552197802198,0.6923346857542761,0.5,diabetes,0.35,4,hgb,weight
1846,754,350,1050,0.724,0.75,0.71,0.73,0.582039911308204,0.6554307116104869,0.8182638736263737,0.6783900605903586,0.5,diabetes,0.35,4,hgb,undersample
2120,480,518,882,0.7505,0.63,0.8153846153846154,0.7226923076923077,0.6475770925110133,0.6386676321506155,0.8193707417582418,0.6782445799211733,0.5,diabetes,0.35,4,hgb,smote
1882,718,334,1066,0.737,0.7614285714285715,0.7238461538461538,0.7426373626373626,0.5975336322869955,0.6695979899497487,0.8226521978021979,0.6841710998150841,0.3562179114753962,diabetes,0.35,4,hgb,threshold
1871,729,336,1064,0.73375,0.76,0.7196153846153847,0.7398076923076924,0.5934188510875628,0.6664578766050737,0.8235552197802198,0.6923346857542761,0.5046150271586652,diabetes,0.35,4,hgb,weight+threshold
