TN,FP,FN,TP,accuracy,sensitivity,specificity,balanced_acc,precision,f1_pos,roc_auc,pr_auc,threshold,prevalence,seed,model,strategy
3041,879,24,56,0.77425,0.7,0.775765306122449,0.7378826530612245,0.059893048128342244,0.1103448275862069,0.8268909438775509,0.11252548165915238,0.5,0.02,0,logreg,focal
3909,11,78,2,0.97775,0.025,0.9971938775510204,0.5110969387755102,0.15384615384615385,0.043010752688172046,0.7731680484693878,0.07453637184409864,0.5,0.02,0,lgb,lgb_default
3824,96,74,6,0.9575,0.075,0.9755102040816327,0.5252551020408164,0.058823529411764705,0.06593406593406594,0.7594610969387756,0.07191158665501551,0.5,0.02,0,lgb,lgb_weight
3829,91,74,6,0.95875,0.075,0.9767857142857143,0.5258928571428572,0.061855670103092786,0.06779661016949153,0.7609279336734694,0.06431264770035959,0.5,0.02,0,lgb,lgb_focal
2742,1178,24,56,0.6995,0.7,0.6994897959183674,0.6997448979591836,0.04538087520259319,0.08523592085235922,0.7731680484693878,0.07453637184409864,0.0027985166965456753,0.02,0,lgb,lgb_threshold
2953,967,20,60,0.75325,0.75,0.7533163265306122,0.7516581632653061,0.05842259006815969,0.10840108401084012,0.8173565051020407,0.11106441762798377,0.5,0.02,1,logreg,focal
3914,6,80,0,0.9785,0.0,0.9984693877551021,0.49923469387755104,0.0,0.0,0.73609375,0.05490179162425654,0.5,0.02,1,lgb,lgb_default
3808,112,71,9,0.95425,0.1125,0.9714285714285714,0.5419642857142857,0.0743801652892562,0.08955223880597014,0.7136383928571429,0.0504580122829032,0.5,0.02,1,lgb,lgb_weight
3805,115,71,9,0.9535,0.1125,0.9706632653061225,0.5415816326530613,0.07258064516129033,0.08823529411764705,0.7159789540816327,0.05441452243475685,0.5,0.02,1,lgb,lgb_focal
2916,1004,32,48,0.741,0.6,0.7438775510204082,0.6719387755102041,0.045627376425855515,0.08480565371024734,0.73609375,0.05490179162425654,0.004760736932693312,0.02,1,lgb,lgb_threshold
2879,1041,16,64,0.73575,0.8,0.7344387755102041,0.7672193877551021,0.0579185520361991,0.1080168776371308,0.8508418367346939,0.12276088237211723,0.5,0.02,2,logreg,focal
3915,5,79,1,0.979,0.0125,0.9987244897959183,0.5056122448979592,0.16666666666666666,0.023255813953488372,0.7843813775510204,0.0745659618097434,0.5,0.02,2,lgb,lgb_default
3797,123,66,14,0.95275,0.175,0.9686224489795918,0.5718112244897959,0.10218978102189781,0.12903225806451613,0.7901849489795919,0.08130148570904686,0.5,0.02,2,lgb,lgb_weight
3797,123,63,17,0.9535,0.2125,0.9686224489795918,0.5905612244897959,0.12142857142857143,0.15454545454545457,0.7916964285714285,0.07890307443317958,0.5,0.02,2,lgb,lgb_focal
3059,861,34,46,0.77625,0.575,0.7803571428571429,0.6776785714285714,0.050716648291069456,0.09321175278622086,0.7843813775510204,0.0745659618097434,0.006935977172508502,0.02,2,lgb,lgb_threshold
2973,947,26,54,0.75675,0.675,0.7584183673469388,0.7167091836734694,0.053946053946053944,0.09990749306197964,0.7892187500000001,0.10598909931386824,0.5,0.02,3,logreg,focal
3917,3,80,0,0.97925,0.0,0.999234693877551,0.4996173469387755,0.0,0.0,0.6959375,0.04576774499681311,0.5,0.02,3,lgb,lgb_default
3817,103,76,4,0.95525,0.05,0.9737244897959184,0.5118622448979592,0.037383177570093455,0.0427807486631016,0.6640784438775511,0.03789856717837573,0.5,0.02,3,lgb,lgb_weight
3827,93,75,5,0.958,0.0625,0.9762755102040817,0.5193877551020408,0.05102040816326531,0.056179775280898875,0.6715051020408163,0.04040050410809506,0.5,0.02,3,lgb,lgb_focal
2112,1808,21,59,0.54275,0.7375,0.5387755102040817,0.6381377551020408,0.03160149973219068,0.06060606060606061,0.6959375,0.04576774499681311,0.0011572208768338894,0.02,3,lgb,lgb_threshold
2968,952,17,63,0.75775,0.7875,0.7571428571428571,0.7723214285714286,0.06206896551724138,0.11506849315068493,0.8617538265306123,0.12468727458172596,0.5,0.02,4,logreg,focal
3912,8,80,0,0.978,0.0,0.9979591836734694,0.4989795918367347,0.0,0.0,0.7985825892857144,0.06374736695610748,0.5,0.02,4,lgb,lgb_default
3838,82,71,9,0.96175,0.1125,0.9790816326530613,0.5457908163265306,0.0989010989010989,0.10526315789473685,0.7699441964285714,0.05462778909222178,0.5,0.02,4,lgb,lgb_weight
3823,97,71,9,0.958,0.1125,0.9752551020408163,0.5438775510204081,0.08490566037735849,0.0967741935483871,0.7772448979591837,0.06184433021412551,0.5,0.02,4,lgb,lgb_focal
2257,1663,9,71,0.582,0.8875,0.575765306122449,0.7316326530612245,0.040945790080738176,0.0782800441014333,0.7985825892857144,0.06374736695610748,0.0013103973978474597,0.02,4,lgb,lgb_threshold
3027,893,20,60,0.77175,0.75,0.7721938775510204,0.7610969387755102,0.06295907660020986,0.11616650532429815,0.8175860969387756,0.100224355205101,0.5,0.02,5,logreg,focal
3916,4,79,1,0.97925,0.0125,0.9989795918367347,0.5057397959183674,0.2,0.023529411764705885,0.7381728316326531,0.08984081451697831,0.5,0.02,5,lgb,lgb_default
3819,101,63,17,0.959,0.2125,0.974234693877551,0.5933673469387755,0.1440677966101695,0.17171717171717174,0.7553603316326531,0.08761163021492185,0.5,0.02,5,lgb,lgb_weight
3813,107,64,16,0.95725,0.2,0.9727040816326531,0.5863520408163265,0.13008130081300814,0.1576354679802956,0.7949457908163265,0.09742334542311962,0.5,0.02,5,lgb,lgb_focal
3123,797,34,46,0.79225,0.575,0.7966836734693877,0.6858418367346939,0.054567022538552785,0.09967497291440952,0.7381728316326531,0.08984081451697831,0.00572370026005708,0.02,5,lgb,lgb_threshold
3064,856,17,63,0.78175,0.7875,0.7816326530612245,0.7845663265306122,0.06855277475516866,0.12612612612612611,0.8612914540816328,0.13648151509516976,0.5,0.02,6,logreg,focal
3912,8,79,1,0.97825,0.0125,0.9979591836734694,0.5052295918367347,0.1111111111111111,0.022471910112359553,0.7979942602040816,0.08435133870430628,0.5,0.02,6,lgb,lgb_default
3806,114,70,10,0.954,0.125,0.9709183673469388,0.5479591836734694,0.08064516129032258,0.09803921568627451,0.7611160714285714,0.06319027111211117,0.5,0.02,6,lgb,lgb_weight
3813,107,61,19,0.958,0.2375,0.9727040816326531,0.6051020408163266,0.15079365079365079,0.18446601941747573,0.7680516581632654,0.08913803690842274,0.5,0.02,6,lgb,lgb_focal
2425,1495,11,69,0.6235,0.8625,0.6186224489795918,0.7405612244897959,0.04411764705882353,0.08394160583941607,0.7979942602040816,0.08435133870430628,0.002138534674800776,0.02,6,lgb,lgb_threshold
3049,871,21,59,0.777,0.7375,0.7778061224489796,0.7576530612244898,0.06344086021505377,0.11683168316831682,0.8304368622448981,0.12582077520712304,0.5,0.02,7,logreg,focal
3916,4,79,1,0.97925,0.0125,0.9989795918367347,0.5057397959183674,0.2,0.023529411764705885,0.7353029336734694,0.07527975632433599,0.5,0.02,7,lgb,lgb_default
3825,95,71,9,0.9585,0.1125,0.9757653061224489,0.5441326530612245,0.08653846153846154,0.09782608695652173,0.7634024234693877,0.07460979722135398,0.5,0.02,7,lgb,lgb_weight
3831,89,72,8,0.95975,0.1,0.977295918367347,0.5386479591836735,0.08247422680412371,0.0903954802259887,0.7553380102040816,0.06711265560754735,0.5,0.02,7,lgb,lgb_focal
2970,950,34,46,0.754,0.575,0.7576530612244898,0.6663265306122449,0.04618473895582329,0.08550185873605948,0.7353029336734694,0.07527975632433599,0.00443641096538507,0.02,7,lgb,lgb_threshold
2955,965,21,59,0.7535,0.7375,0.7538265306122449,0.7456632653061225,0.0576171875,0.1068840579710145,0.8063807397959183,0.11709926137194404,0.5,0.02,8,logreg,focal
3916,4,79,1,0.97925,0.0125,0.9989795918367347,0.5057397959183674,0.2,0.023529411764705885,0.7030644132653061,0.04381958280942617,0.5,0.02,8,lgb,lgb_default
3822,98,74,6,0.957,0.075,0.975,0.525,0.057692307692307696,0.06521739130434782,0.687531887755102,0.04738310817802133,0.5,0.02,8,lgb,lgb_weight
3800,120,74,6,0.9515,0.075,0.9693877551020408,0.5221938775510204,0.047619047619047616,0.058252427184466014,0.6918781887755101,0.055596378731064176,0.5,0.02,8,lgb,lgb_focal
2666,1254,28,52,0.6795,0.65,0.6801020408163265,0.6650510204081632,0.039816232771822356,0.07503607503607504,0.7030644132653061,0.04381958280942617,0.0025758088012287766,0.02,8,lgb,lgb_threshold
2934,986,26,54,0.747,0.675,0.7484693877551021,0.7117346938775511,0.051923076923076926,0.09642857142857142,0.7660554846938776,0.07065794052441164,0.5,0.02,9,logreg,focal
3915,5,80,0,0.97875,0.0,0.9987244897959183,0.49936224489795916,0.0,0.0,0.7052008928571429,0.05054561195086942,0.5,0.02,9,lgb,lgb_default
3826,94,72,8,0.9585,0.1,0.9760204081632653,0.5380102040816327,0.0784313725490196,0.0879120879120879,0.6992474489795919,0.04346955074833235,0.5,0.02,9,lgb,lgb_weight
3805,115,74,6,0.95275,0.075,0.9706632653061225,0.5228316326530612,0.049586776859504134,0.05970149253731343,0.7158099489795918,0.04631027237163218,0.5,0.02,9,lgb,lgb_focal
3054,866,39,41,0.77375,0.5125,0.7790816326530612,0.6457908163265306,0.04520396912899669,0.08308004052684903,0.7052008928571429,0.05054561195086942,0.0061187454978630235,0.02,9,lgb,lgb_threshold
2870,930,59,141,0.75275,0.705,0.7552631578947369,0.7301315789473684,0.13165266106442577,0.22187254130605824,0.8299539473684211,0.22688077729252001,0.5,0.05,0,logreg,focal
3779,21,184,16,0.94875,0.08,0.9944736842105263,0.5372368421052631,0.43243243243243246,0.13502109704641352,0.7823046052631578,0.20507107155451648,0.5,0.05,0,lgb,lgb_default
3470,330,129,71,0.88525,0.355,0.9131578947368421,0.634078947368421,0.1770573566084788,0.2362728785357737,0.7565217105263158,0.1935056606005744,0.5,0.05,0,lgb,lgb_weight
3472,328,125,75,0.88675,0.375,0.9136842105263158,0.6443421052631579,0.18610421836228289,0.24875621890547267,0.756391447368421,0.1893280921837594,0.5,0.05,0,lgb,lgb_focal
2713,1087,57,143,0.714,0.715,0.7139473684210527,0.7144736842105264,0.11626016260162601,0.2,0.7823046052631578,0.20507107155451648,0.026144882434105315,0.05,0,lgb,lgb_threshold
2858,942,45,155,0.75325,0.775,0.7521052631578947,0.7635526315789474,0.14129443938012762,0.2390131071703932,0.8385605263157895,0.24929545680687798,0.5,0.05,1,logreg,focal
3770,30,192,8,0.9445,0.04,0.9921052631578947,0.5160526315789473,0.21052631578947367,0.06722689075630253,0.7843684210526316,0.16410941157409112,0.5,0.05,1,lgb,lgb_default
3458,342,131,69,0.88175,0.345,0.91,0.6275,0.1678832116788321,0.22585924713584285,0.7737105263157895,0.14913447911724118,0.5,0.05,1,lgb,lgb_weight
3418,382,127,73,0.87275,0.365,0.8994736842105263,0.6322368421052631,0.16043956043956045,0.22290076335877865,0.7697210526315789,0.166023061313392,0.5,0.05,1,lgb,lgb_focal
2692,1108,57,143,0.70875,0.715,0.708421052631579,0.7117105263157895,0.11430855315747403,0.19710544452102002,0.7843684210526316,0.16410941157409112,0.025147218670159392,0.05,1,lgb,lgb_threshold
2813,987,37,163,0.744,0.815,0.7402631578947368,0.7776315789473685,0.14173913043478262,0.2414814814814815,0.8532269736842104,0.2596618412208149,0.5,0.05,2,logreg,focal
3777,23,185,15,0.948,0.075,0.9939473684210526,0.5344736842105263,0.39473684210526316,0.12605042016806722,0.8286493421052632,0.2245087542360143,0.5,0.05,2,lgb,lgb_default
3451,349,124,76,0.88175,0.38,0.908157894736842,0.644078947368421,0.17882352941176471,0.2432,0.8061546052631577,0.2095791335568781,0.5,0.05,2,lgb,lgb_weight
3426,374,114,86,0.878,0.43,0.901578947368421,0.6657894736842105,0.18695652173913044,0.2606060606060606,0.8149927631578947,0.20232626338772522,0.5,0.05,2,lgb,lgb_focal
2741,1059,39,161,0.7255,0.805,0.7213157894736842,0.7631578947368421,0.1319672131147541,0.2267605633802817,0.8286493421052632,0.2245087542360143,0.028039889484236784,0.05,2,lgb,lgb_threshold
2834,966,58,142,0.744,0.71,0.7457894736842106,0.7278947368421053,0.12815884476534295,0.2171253822629969,0.7992657894736843,0.20803453796302615,0.5,0.05,3,logreg,focal
3781,19,192,8,0.94725,0.04,0.995,0.5175,0.2962962962962963,0.07048458149779736,0.7563657894736843,0.16259929628981837,0.5,0.05,3,lgb,lgb_default
3427,373,139,61,0.872,0.305,0.9018421052631579,0.603421052631579,0.14055299539170507,0.19242902208201892,0.7213973684210526,0.13586650435822958,0.5,0.05,3,lgb,lgb_weight
3419,381,131,69,0.872,0.345,0.8997368421052632,0.6223684210526316,0.15333333333333332,0.21230769230769228,0.7451499999999999,0.17036284368235963,0.5,0.05,3,lgb,lgb_focal
2602,1198,58,142,0.686,0.71,0.6847368421052632,0.6973684210526316,0.10597014925373134,0.1844155844155844,0.7563657894736843,0.16259929628981837,0.021711551917506306,0.05,3,lgb,lgb_threshold
2903,897,46,154,0.76425,0.77,0.7639473684210526,0.7669736842105264,0.14652711703139867,0.24620303756994405,0.8398447368421053,0.23819915259273847,0.5,0.05,4,logreg,focal
3774,26,189,11,0.94625,0.055,0.9931578947368421,0.5240789473684211,0.2972972972972973,0.09282700421940927,0.7984480263157896,0.17088246728025253,0.5,0.05,4,lgb,lgb_default
3440,360,132,68,0.877,0.34,0.9052631578947369,0.6226315789473684,0.1588785046728972,0.21656050955414013,0.7820914473684212,0.16161217831402638,0.5,0.05,4,lgb,lgb_weight
3422,378,124,76,0.8745,0.38,0.9005263157894737,0.6402631578947369,0.16740088105726872,0.23241590214067276,0.7941914473684211,0.16663448570737552,0.5,0.05,4,lgb,lgb_focal
2668,1132,48,152,0.705,0.76,0.7021052631578948,0.7310526315789474,0.11838006230529595,0.20485175202156336,0.7984480263157896,0.17088246728025253,0.021820987060513834,0.05,4,lgb,lgb_threshold
2900,900,48,152,0.763,0.76,0.7631578947368421,0.7615789473684211,0.1444866920152091,0.24281150159744405,0.8272539473684212,0.21596405878072064,0.5,0.05,5,logreg,focal
3772,28,184,16,0.947,0.08,0.9926315789473684,0.5363157894736842,0.36363636363636365,0.13114754098360654,0.7731710526315788,0.18354174304688778,0.5,0.05,5,lgb,lgb_default
3459,341,127,73,0.883,0.365,0.9102631578947369,0.6376315789473684,0.17632850241545894,0.23778501628664497,0.7587539473684211,0.168965711477917,0.5,0.05,5,lgb,lgb_weight
3397,403,127,73,0.8675,0.365,0.8939473684210526,0.6294736842105263,0.15336134453781514,0.21597633136094674,0.7562657894736842,0.15454087866159755,0.5,0.05,5,lgb,lgb_focal
2294,1506,41,159,0.61325,0.795,0.6036842105263158,0.6993421052631579,0.09549549549549549,0.17050938337801608,0.7731710526315788,0.18354174304688778,0.01309202504150348,0.05,5,lgb,lgb_threshold
2887,913,52,148,0.75875,0.74,0.7597368421052632,0.7498684210526316,0.13949104618284638,0.23473433782712136,0.813557894736842,0.24761431006364473,0.5,0.05,6,logreg,focal
3781,19,190,10,0.94775,0.05,0.995,0.5225,0.3448275862068966,0.08733624454148473,0.7782598684210527,0.2002867009602601,0.5,0.05,6,lgb,lgb_default
3464,336,128,72,0.884,0.36,0.911578947368421,0.6357894736842105,0.17647058823529413,0.2368421052631579,0.741725,0.17763263245332828,0.5,0.05,6,lgb,lgb_weight
3480,320,125,75,0.88875,0.375,0.9157894736842105,0.6453947368421052,0.189873417721519,0.25210084033613445,0.7573749999999999,0.18541979585920315,0.5,0.05,6,lgb,lgb_focal
2476,1324,38,162,0.6595,0.81,0.651578947368421,0.7307894736842105,0.10901749663526245,0.19217081850533807,0.7782598684210527,0.2002867009602601,0.018032730534703258,0.05,6,lgb,lgb_threshold
2901,899,43,157,0.7645,0.785,0.763421052631579,0.7742105263157895,0.14867424242424243,0.25,0.8416684210526316,0.2585379393385703,0.5,0.05,7,logreg,focal
3774,26,187,13,0.94675,0.065,0.9931578947368421,0.5290789473684211,0.3333333333333333,0.1087866108786611,0.7938486842105263,0.20163987866792746,0.5,0.05,7,lgb,lgb_default
3469,331,122,78,0.88675,0.39,0.9128947368421053,0.6514473684210527,0.19070904645476772,0.25615763546798026,0.778725,0.1823559741994863,0.5,0.05,7,lgb,lgb_weight
3426,374,119,81,0.87675,0.405,0.901578947368421,0.6532894736842105,0.17802197802197803,0.24732824427480915,0.7848197368421053,0.19406685734153176,0.5,0.05,7,lgb,lgb_focal
2926,874,62,138,0.766,0.69,0.77,0.73,0.13636363636363635,0.2277227722772277,0.7938486842105263,0.20163987866792746,0.032562508827849265,0.05,7,lgb,lgb_threshold
2896,904,43,157,0.76325,0.785,0.7621052631578947,0.7735526315789474,0.14797360980207352,0.24900872323552736,0.8446644736842106,0.26024220912397816,0.5,0.05,8,logreg,focal
3778,22,185,15,0.94825,0.075,0.9942105263157894,0.5346052631578947,0.40540540540540543,0.12658227848101267,0.8041513157894737,0.20071056751645086,0.5,0.05,8,lgb,lgb_default
3457,343,127,73,0.8825,0.365,0.9097368421052632,0.6373684210526316,0.17548076923076922,0.23701298701298704,0.7894217105263158,0.19787932689067983,0.5,0.05,8,lgb,lgb_weight
3458,342,122,78,0.884,0.39,0.91,0.65,0.18571428571428572,0.2516129032258065,0.8053513157894736,0.20321816249860883,0.5,0.05,8,lgb,lgb_focal
2548,1252,46,154,0.6755,0.77,0.6705263157894736,0.7202631578947368,0.10953058321479374,0.1917808219178082,0.8041513157894737,0.20071056751645086,0.02046139827471117,0.05,8,lgb,lgb_threshold
2852,948,42,158,0.7525,0.79,0.7505263157894737,0.7702631578947369,0.14285714285714285,0.24196018376722817,0.8467598684210527,0.27933686299546784,0.5,0.05,9,logreg,focal
3776,24,189,11,0.94675,0.055,0.9936842105263158,0.5243421052631579,0.3142857142857143,0.09361702127659575,0.8073269736842105,0.19924925656782302,0.5,0.05,9,lgb,lgb_default
3467,333,124,76,0.88575,0.38,0.9123684210526316,0.6461842105263158,0.18581907090464547,0.24958949096880131,0.7931480263157893,0.1910418174236716,0.5,0.05,9,lgb,lgb_weight
3431,369,116,84,0.87875,0.42,0.9028947368421053,0.6614473684210527,0.18543046357615894,0.2572741194486983,0.7863624999999999,0.19740822327333044,0.5,0.05,9,lgb,lgb_focal
2619,1181,46,154,0.69325,0.77,0.6892105263157895,0.7296052631578948,0.11535580524344569,0.2006514657980456,0.8073269736842105,0.19924925656782302,0.021953070800042458,0.05,9,lgb,lgb_threshold
2675,925,70,330,0.75125,0.825,0.7430555555555556,0.7840277777777778,0.26294820717131473,0.39879154078549844,0.8521166666666666,0.3823517116543932,0.5,0.1,0,logreg,focal
3532,68,340,60,0.898,0.15,0.9811111111111112,0.5655555555555556,0.46875,0.22727272727272727,0.8239326388888889,0.3324177755477195,0.5,0.1,0,lgb,lgb_default
2972,628,159,241,0.80325,0.6025,0.8255555555555556,0.7140277777777778,0.2773302646720368,0.3798266351457841,0.8112927083333333,0.3302810294921276,0.5,0.1,0,lgb,lgb_weight
2952,648,154,246,0.7995,0.615,0.82,0.7175,0.2751677852348993,0.38021638330757346,0.8187635416666668,0.3311449257076748,0.5,0.1,0,lgb,lgb_focal
2524,1076,89,311,0.70875,0.7775,0.7011111111111111,0.7393055555555555,0.22422494592645997,0.3480693900391718,0.8239326388888889,0.3324177755477195,0.07521071943408791,0.1,0,lgb,lgb_threshold
2699,901,74,326,0.75625,0.815,0.7497222222222222,0.7823611111111111,0.2656886715566422,0.4007375537799631,0.8530697916666666,0.40322223724122175,0.5,0.1,1,logreg,focal
3532,68,333,67,0.89975,0.1675,0.9811111111111112,0.5743055555555556,0.4962962962962963,0.2504672897196262,0.8121642361111111,0.3346551908022133,0.5,0.1,1,lgb,lgb_default
3017,583,163,237,0.8135,0.5925,0.8380555555555556,0.7152777777777778,0.2890243902439024,0.3885245901639344,0.8147239583333332,0.33987316310302024,0.5,0.1,1,lgb,lgb_weight
2994,606,154,246,0.81,0.615,0.8316666666666667,0.7233333333333334,0.2887323943661972,0.3929712460063898,0.8173402777777776,0.3564399160945026,0.5,0.1,1,lgb,lgb_focal
2509,1091,81,319,0.707,0.7975,0.6969444444444445,0.7472222222222222,0.22624113475177304,0.35248618784530383,0.8121642361111111,0.3346551908022133,0.06580140750647175,0.1,1,lgb,lgb_threshold
2676,924,90,310,0.7465,0.775,0.7433333333333333,0.7591666666666667,0.25121555915721233,0.37943696450428394,0.8363024305555555,0.4086533087246395,0.5,0.1,2,logreg,focal
3535,65,343,57,0.898,0.1425,0.9819444444444444,0.5622222222222222,0.4672131147540984,0.21839080459770113,0.7988614583333333,0.3283364034206406,0.5,0.1,2,lgb,lgb_default
3032,568,184,216,0.812,0.54,0.8422222222222222,0.6911111111111111,0.2755102040816326,0.36486486486486486,0.7917760416666666,0.3326474527196007,0.5,0.1,2,lgb,lgb_weight
2997,603,171,229,0.8065,0.5725,0.8325,0.7025,0.27524038461538464,0.3717532467532468,0.7833826388888889,0.31080997266038646,0.5,0.1,2,lgb,lgb_focal
2564,1036,101,299,0.71575,0.7475,0.7122222222222222,0.7298611111111111,0.22397003745318353,0.3446685878962536,0.7988614583333333,0.3283364034206406,0.07384093233693369,0.1,2,lgb,lgb_threshold
2712,888,74,326,0.7595,0.815,0.7533333333333333,0.7841666666666667,0.2685337726523888,0.40396530359355637,0.8551375000000001,0.4315482116693025,0.5,0.1,3,logreg,focal
3532,68,343,57,0.89725,0.1425,0.9811111111111112,0.5618055555555556,0.456,0.2171428571428571,0.8131218749999999,0.333300137541539,0.5,0.1,3,lgb,lgb_default
3040,560,171,229,0.81725,0.5725,0.8444444444444444,0.7084722222222222,0.2902408111533587,0.3851976450798991,0.805717361111111,0.3536165612481508,0.5,0.1,3,lgb,lgb_weight
3028,572,175,225,0.81325,0.5625,0.8411111111111111,0.7018055555555556,0.2823086574654956,0.3759398496240602,0.8053385416666666,0.35463946257770196,0.5,0.1,3,lgb,lgb_focal
2449,1151,79,321,0.6925,0.8025,0.6802777777777778,0.7413888888888889,0.21807065217391305,0.34294871794871795,0.8131218749999999,0.333300137541539,0.05876548997161491,0.1,3,lgb,lgb_threshold
2734,866,91,309,0.76075,0.7725,0.7594444444444445,0.7659722222222223,0.2629787234042553,0.3923809523809524,0.8417413194444444,0.3770252898720277,0.5,0.1,4,logreg,focal
3537,63,341,59,0.899,0.1475,0.9825,0.5650000000000001,0.48360655737704916,0.2260536398467433,0.8172232638888888,0.32808599769900115,0.5,0.1,4,lgb,lgb_default
3012,588,181,219,0.80775,0.5475,0.8366666666666667,0.6920833333333334,0.27137546468401486,0.3628831814415907,0.8048670138888889,0.31412411757306546,0.5,0.1,4,lgb,lgb_weight
2989,611,180,220,0.80225,0.55,0.8302777777777778,0.6901388888888889,0.2647412755716005,0.3574329813160032,0.810615625,0.3165843285794494,0.5,0.1,4,lgb,lgb_focal
2624,976,89,311,0.73375,0.7775,0.7288888888888889,0.7531944444444445,0.24164724164724163,0.3687018375815056,0.8172232638888888,0.32808599769900115,0.07106169170787209,0.1,4,lgb,lgb_threshold
2672,928,95,305,0.74425,0.7625,0.7422222222222222,0.752361111111111,0.24736415247364152,0.3735456215554194,0.8238538194444445,0.3279798731021477,0.5,0.1,5,logreg,focal
3520,80,344,56,0.894,0.14,0.9777777777777777,0.5588888888888889,0.4117647058823529,0.208955223880597,0.7905850694444444,0.2846725058102835,0.5,0.1,5,lgb,lgb_default
3014,586,189,211,0.80625,0.5275,0.8372222222222222,0.6823611111111111,0.26474278544542035,0.3525480367585631,0.7744107638888889,0.27142144766557796,0.5,0.1,5,lgb,lgb_weight
2999,601,187,213,0.803,0.5325,0.8330555555555555,0.6827777777777777,0.2616707616707617,0.3509060955518946,0.7791680555555555,0.275070542700433,0.5,0.1,5,lgb,lgb_focal
2515,1085,101,299,0.7035,0.7475,0.6986111111111111,0.7230555555555556,0.21604046242774566,0.3352017937219731,0.7905850694444444,0.2846725058102835,0.06760891834570283,0.1,5,lgb,lgb_threshold
2781,819,94,306,0.77175,0.765,0.7725,0.76875,0.272,0.40131147540983614,0.8489472222222222,0.4043257932048895,0.5,0.1,6,logreg,focal
3536,64,333,67,0.90075,0.1675,0.9822222222222222,0.5748611111111112,0.5114503816793893,0.2523540489642185,0.8238069444444444,0.35385001485745543,0.5,0.1,6,lgb,lgb_default
3080,520,189,211,0.82275,0.5275,0.8555555555555555,0.6915277777777777,0.28864569083447333,0.3731211317418214,0.8151982638888888,0.3539389613040549,0.5,0.1,6,lgb,lgb_weight
3065,535,173,227,0.823,0.5675,0.8513888888888889,0.7094444444444444,0.2979002624671916,0.39070567986230637,0.8173795138888889,0.34379402481277055,0.5,0.1,6,lgb,lgb_focal
2777,823,114,286,0.76575,0.715,0.7713888888888889,0.7431944444444445,0.25788999098286747,0.3790589794565938,0.8238069444444444,0.35385001485745543,0.08787044764014743,0.1,6,lgb,lgb_threshold
2758,842,102,298,0.764,0.745,0.7661111111111111,0.7555555555555555,0.2614035087719298,0.387012987012987,0.8356531249999999,0.39115295989289145,0.5,0.1,7,logreg,focal
3545,55,340,60,0.90125,0.15,0.9847222222222223,0.5673611111111111,0.5217391304347826,0.23300970873786406,0.8142920138888887,0.3490622711778338,0.5,0.1,7,lgb,lgb_default
3045,555,166,234,0.81975,0.585,0.8458333333333333,0.7154166666666666,0.2965779467680608,0.3936080740117746,0.807004861111111,0.35932134901443014,0.5,0.1,7,lgb,lgb_weight
3033,567,165,235,0.817,0.5875,0.8425,0.7150000000000001,0.29301745635910226,0.3910149750415974,0.8041114583333332,0.3513803861721038,0.5,0.1,7,lgb,lgb_focal
2526,1074,79,321,0.71175,0.8025,0.7016666666666667,0.7520833333333333,0.23010752688172043,0.3576601671309192,0.8142920138888887,0.3490622711778338,0.05847144079405999,0.1,7,lgb,lgb_threshold
2745,855,85,315,0.765,0.7875,0.7625,0.7749999999999999,0.2692307692307692,0.40127388535031844,0.853176736111111,0.36861801832579894,0.5,0.1,8,logreg,focal
3522,78,341,59,0.89525,0.1475,0.9783333333333334,0.5629166666666667,0.4306569343065693,0.21973929236499065,0.8279777777777777,0.3219177742941057,0.5,0.1,8,lgb,lgb_default
3033,567,159,241,0.8185,0.6025,0.8425,0.7225,0.29826732673267325,0.39900662251655633,0.8281281250000001,0.3166988325051907,0.5,0.1,8,lgb,lgb_weight
3038,562,174,226,0.816,0.565,0.8438888888888889,0.7044444444444444,0.2868020304568528,0.38047138047138046,0.8189600694444443,0.31917838821642164,0.5,0.1,8,lgb,lgb_focal
2647,953,88,312,0.73975,0.78,0.7352777777777778,0.757638888888889,0.2466403162055336,0.3747747747747748,0.8279777777777777,0.3219177742941057,0.07201699616636448,0.1,8,lgb,lgb_threshold
2680,920,95,305,0.74625,0.7625,0.7444444444444445,0.7534722222222222,0.24897959183673468,0.3753846153846153,0.822070138888889,0.3370357323366006,0.5,0.1,9,logreg,focal
3524,76,339,61,0.89625,0.1525,0.9788888888888889,0.5656944444444445,0.44525547445255476,0.22718808193668527,0.8067888888888888,0.3330577961692606,0.5,0.1,9,lgb,lgb_default
2993,607,168,232,0.80625,0.58,0.8313888888888888,0.7056944444444444,0.2765196662693683,0.3744955609362389,0.7951371527777777,0.3096626786144632,0.5,0.1,9,lgb,lgb_weight
2996,604,168,232,0.807,0.58,0.8322222222222222,0.7061111111111111,0.27751196172248804,0.37540453074433655,0.8029062500000002,0.321178892554947,0.5,0.1,9,lgb,lgb_focal
2715,885,111,289,0.751,0.7225,0.7541666666666667,0.7383333333333333,0.24616695059625213,0.36721728081321475,0.8067888888888888,0.3330577961692606,0.08843965095970374,0.1,9,lgb,lgb_threshold
2400,800,176,624,0.756,0.78,0.75,0.765,0.43820224719101125,0.5611510791366907,0.8371992187499999,0.5541353509305786,0.5,0.2,0,logreg,focal
2976,224,512,288,0.816,0.36,0.93,0.645,0.5625,0.43902439024390244,0.8261195312499999,0.5252320257094594,0.5,0.2,0,lgb,lgb_default
2501,699,235,565,0.7665,0.70625,0.7815625,0.74390625,0.44699367088607594,0.5474806201550387,0.8234808593749999,0.5282771691948946,0.5,0.2,0,lgb,lgb_weight
2487,713,214,586,0.76825,0.7325,0.7771875,0.75484375,0.45111624326404925,0.5583611243449261,0.8266388671875,0.5317086432297823,0.5,0.2,0,lgb,lgb_focal
2114,1086,122,678,0.698,0.8475,0.660625,0.7540625000000001,0.3843537414965986,0.5288611544461778,0.8261195312499999,0.5252320257094594,0.13148856848931476,0.2,0,lgb,lgb_threshold
2422,778,171,629,0.76275,0.78625,0.756875,0.7715624999999999,0.4470504619758351,0.5700045310376075,0.843482421875,0.577810590726695,0.5,0.2,1,logreg,focal
2986,214,506,294,0.82,0.3675,0.933125,0.6503125,0.5787401574803149,0.4495412844036697,0.8298564453125,0.5459849804199716,0.5,0.2,1,lgb,lgb_default
2526,674,252,548,0.7685,0.685,0.789375,0.7371875000000001,0.44844517184942717,0.5420375865479724,0.824488671875,0.5464876483445426,0.5,0.2,1,lgb,lgb_weight
2545,655,245,555,0.775,0.69375,0.7953125,0.74453125,0.45867768595041325,0.5522388059701493,0.8287072265625,0.5586118271183877,0.5,0.2,1,lgb,lgb_focal
2185,1015,132,668,0.71325,0.835,0.6828125,0.75890625,0.3969102792632204,0.5380587998389046,0.8298564453125,0.5459849804199716,0.13711733535557716,0.2,1,lgb,lgb_threshold
2456,744,185,615,0.76775,0.76875,0.7675,0.768125,0.45253863134657835,0.5697081982399258,0.8438126953124999,0.5829539921704764,0.5,0.2,2,logreg,focal
3000,200,505,295,0.82375,0.36875,0.9375,0.653125,0.5959595959595959,0.45559845559845563,0.8218755859375,0.5353709892436482,0.5,0.2,2,lgb,lgb_default
2495,705,239,561,0.764,0.70125,0.7796875,0.74046875,0.4431279620853081,0.543078412391094,0.8213734374999999,0.5334898479505399,0.5,0.2,2,lgb,lgb_weight
2492,708,226,574,0.7665,0.7175,0.77875,0.748125,0.44773790951638065,0.5513928914505283,0.826573046875,0.5479174785518256,0.5,0.2,2,lgb,lgb_focal
2030,1170,127,673,0.67575,0.84125,0.634375,0.7378125,0.36516549104720564,0.5092697692016648,0.8218755859375,0.5353709892436482,0.11390118830640861,0.2,2,lgb,lgb_threshold
2441,759,170,630,0.76775,0.7875,0.7628125,0.77515625,0.4535637149028078,0.5756052992233897,0.8414701171875,0.5630802598873301,0.5,0.2,3,logreg,focal
2996,204,509,291,0.82175,0.36375,0.93625,0.65,0.5878787878787879,0.4494208494208494,0.822191796875,0.5253069692344862,0.5,0.2,3,lgb,lgb_default
2509,691,227,573,0.7705,0.71625,0.7840625,0.7501562500000001,0.45332278481012656,0.5552325581395348,0.8207541015625001,0.5366085640384436,0.5,0.2,3,lgb,lgb_weight
2517,683,242,558,0.76875,0.6975,0.7865625,0.74203125,0.44963738920225627,0.5467907888290054,0.8199765625,0.5274262375818608,0.5,0.2,3,lgb,lgb_focal
2249,951,160,640,0.72225,0.8,0.7028125,0.75140625,0.4022627278441232,0.535340861564199,0.822191796875,0.5253069692344862,0.15913218430931703,0.2,3,lgb,lgb_threshold
2379,821,177,623,0.7505,0.77875,0.7434375,0.76109375,0.4314404432132964,0.5552584670231729,0.8374021484374999,0.562800078625038,0.5,0.2,4,logreg,focal
2984,216,503,297,0.82025,0.37125,0.9325,0.651875,0.5789473684210527,0.4523990860624524,0.8171802734374999,0.5194661483730728,0.5,0.2,4,lgb,lgb_default
2463,737,242,558,0.75525,0.6975,0.7696875,0.73359375,0.4308880308880309,0.5326968973747016,0.8124773437500001,0.5148852631302151,0.5,0.2,4,lgb,lgb_weight
2462,738,238,562,0.756,0.7025,0.769375,0.7359375,0.4323076923076923,0.5352380952380952,0.8135628906250001,0.5179308968295198,0.5,0.2,4,lgb,lgb_focal
2306,894,187,613,0.72975,0.76625,0.720625,0.7434375,0.40676841406768416,0.5314260944950152,0.8171802734374999,0.5194661483730728,0.17974138646015012,0.2,4,lgb,lgb_threshold
2370,830,167,633,0.75075,0.79125,0.740625,0.7659374999999999,0.43267259056732743,0.5594343791427309,0.835755078125,0.5485599878433264,0.5,0.2,5,logreg,focal
2976,224,510,290,0.8165,0.3625,0.93,0.64625,0.5642023346303502,0.441400304414003,0.8171669921875001,0.5164652724460288,0.5,0.2,5,lgb,lgb_default
2479,721,256,544,0.75575,0.68,0.7746875,0.72734375,0.4300395256916996,0.5268765133171913,0.8129703125,0.5063645036967235,0.5,0.2,5,lgb,lgb_weight
2463,737,246,554,0.75425,0.6925,0.7696875,0.73109375,0.42912470952749804,0.5298900047824008,0.8165664062500001,0.5216203134673296,0.5,0.2,5,lgb,lgb_focal
2247,953,166,634,0.72025,0.7925,0.7021875,0.74734375,0.39949590422180214,0.5312107247591118,0.8171669921875001,0.5164652724460288,0.1621408456386334,0.2,5,lgb,lgb_threshold
2451,749,205,595,0.7615,0.74375,0.7659375,0.75484375,0.4427083333333333,0.5550373134328358,0.83074453125,0.5403629316831005,0.5,0.2,6,logreg,focal
3004,196,531,269,0.81825,0.33625,0.93875,0.6375,0.578494623655914,0.42529644268774697,0.8131664062499999,0.5096230953782835,0.5,0.2,6,lgb,lgb_default
2513,687,270,530,0.76075,0.6625,0.7853125,0.72390625,0.4354971240755957,0.525532969757065,0.8124681640625,0.5074972509643597,0.5,0.2,6,lgb,lgb_weight
2510,690,261,539,0.76225,0.67375,0.784375,0.7290625,0.4385679414157852,0.531296205027107,0.8134283203125001,0.5139203437489845,0.5,0.2,6,lgb,lgb_focal
2229,971,170,630,0.71475,0.7875,0.6965625,0.7420312499999999,0.3935040599625234,0.5247813411078718,0.8131664062499999,0.5096230953782835,0.1510054394447059,0.2,6,lgb,lgb_threshold
2446,754,170,630,0.769,0.7875,0.764375,0.7759375,0.4552023121387283,0.576923076923077,0.8461265625,0.5686131172875895,0.5,0.2,7,logreg,focal
3009,191,522,278,0.82175,0.3475,0.9403125,0.64390625,0.5927505330490405,0.4381402679275019,0.8313386718750001,0.5401400590860456,0.5,0.2,7,lgb,lgb_default
2544,656,235,565,0.77725,0.70625,0.795,0.7506250000000001,0.46273546273546273,0.5591291439881246,0.8245427734374999,0.5339203567023715,0.5,0.2,7,lgb,lgb_weight
2517,683,226,574,0.77275,0.7175,0.7865625,0.75203125,0.45664280031821797,0.5580943121050074,0.8269392578125,0.5353929765414567,0.5,0.2,7,lgb,lgb_focal
2333,867,160,640,0.74325,0.8,0.7290625,0.76453125,0.42468480424684807,0.5548331166016472,0.8313386718750001,0.5401400590860456,0.16642375584183933,0.2,7,lgb,lgb_threshold
2451,749,191,609,0.765,0.76125,0.7659375,0.7635937500000001,0.4484536082474227,0.5644114921223355,0.84218515625,0.5706131814933436,0.5,0.2,8,logreg,focal
2990,210,515,285,0.81875,0.35625,0.934375,0.6453125,0.5757575757575758,0.44015444015444016,0.8218714843749999,0.5290405521734413,0.5,0.2,8,lgb,lgb_default
2525,675,242,558,0.77075,0.6975,0.7890625,0.74328125,0.45255474452554745,0.5489424495818986,0.8202912109375,0.5155560652724505,0.5,0.2,8,lgb,lgb_weight
2538,662,236,564,0.7755,0.705,0.793125,0.7490625,0.4600326264274062,0.5567620927936822,0.8271767578124999,0.5291593396779477,0.5,0.2,8,lgb,lgb_focal
2245,955,158,642,0.72175,0.8025,0.7015625,0.7520312499999999,0.40200375704445834,0.5356695869837297,0.8218714843749999,0.5290405521734413,0.1521101532218242,0.2,8,lgb,lgb_threshold
2388,812,194,606,0.7485,0.7575,0.74625,0.751875,0.42736248236953456,0.54643823264202,0.8189404296875,0.5259970354004923,0.5,0.2,9,logreg,focal
3000,200,538,262,0.8155,0.3275,0.9375,0.6325000000000001,0.5670995670995671,0.4152139461172742,0.80843203125,0.5176425040497883,0.5,0.2,9,lgb,lgb_default
2503,697,261,539,0.7605,0.67375,0.7821875,0.72796875,0.436084142394822,0.5294695481335954,0.8053236328125,0.5144743379184163,0.5,0.2,9,lgb,lgb_weight
2493,707,272,528,0.75525,0.66,0.7790625,0.71953125,0.42753036437246966,0.518918918918919,0.8040437500000001,0.513601878354969,0.5,0.2,9,lgb,lgb_focal
2302,898,190,610,0.728,0.7625,0.719375,0.7409375,0.40450928381962864,0.5285961871750433,0.80843203125,0.5176425040497883,0.1717602580977444,0.2,9,lgb,lgb_threshold
1979,621,345,1055,0.7585,0.7535714285714286,0.7611538461538462,0.7573626373626374,0.6294749403341289,0.6859557867360209,0.8333344780219781,0.7103610872309809,0.5,0.35,0,logreg,focal
2194,406,560,840,0.7585,0.6,0.8438461538461538,0.7219230769230769,0.6741573033707865,0.6349206349206349,0.8254388736263736,0.6988486688124163,0.5,0.35,0,lgb,lgb_default
1977,623,362,1038,0.75375,0.7414285714285714,0.7603846153846154,0.7509065934065935,0.6249247441300422,0.6782097353805946,0.8257447802197803,0.6980838947016557,0.5,0.35,0,lgb,lgb_weight
1990,610,376,1024,0.7535,0.7314285714285714,0.7653846153846153,0.7484065934065933,0.6266829865361077,0.6750164798945287,0.827683653846154,0.7019401511969753,0.5,0.35,0,lgb,lgb_focal
1881,719,315,1085,0.7415,0.775,0.7234615384615385,0.7492307692307693,0.6014412416851441,0.6772784019975031,0.8254388736263736,0.6988486688124163,0.31774039851658675,0.35,0,lgb,lgb_threshold
1967,633,310,1090,0.76425,0.7785714285714286,0.7565384615384615,0.767554945054945,0.632617527568195,0.6980467499199488,0.8418597527472529,0.7289146219847314,0.5,0.35,1,logreg,focal
2202,398,556,844,0.7615,0.6028571428571429,0.8469230769230769,0.7248901098901099,0.679549114331723,0.6389099167297502,0.8308722527472527,0.7122082449434625,0.5,0.35,1,lgb,lgb_default
1976,624,350,1050,0.7565,0.75,0.76,0.755,0.6272401433691757,0.6831489915419648,0.8309822802197803,0.71018199592416,0.5,0.35,1,lgb,lgb_weight
1977,623,363,1037,0.7535,0.7407142857142858,0.7603846153846154,0.7505494505494505,0.6246987951807229,0.6777777777777778,0.8293251373626375,0.7091710691430939,0.5,0.35,1,lgb,lgb_focal
1943,657,332,1068,0.75275,0.7628571428571429,0.7473076923076923,0.7550824175824176,0.6191304347826087,0.6835199999999999,0.8308722527472527,0.7122082449434625,0.34918506110240066,0.35,1,lgb,lgb_threshold
1997,603,321,1079,0.769,0.7707142857142857,0.7680769230769231,0.7693956043956044,0.6414982164090368,0.700194678780013,0.8499693681318681,0.7421061287987681,0.5,0.35,2,logreg,focal
2190,410,515,885,0.76875,0.6321428571428571,0.8423076923076923,0.7372252747252748,0.6833976833976834,0.6567717996289425,0.834441208791209,0.708197658326072,0.5,0.35,2,lgb,lgb_default
1949,651,337,1063,0.753,0.7592857142857142,0.7496153846153846,0.7544505494505493,0.6201866977829639,0.6827231856133591,0.8346780219780219,0.7086200527993737,0.5,0.35,2,lgb,lgb_weight
1958,642,325,1075,0.75825,0.7678571428571429,0.7530769230769231,0.760467032967033,0.6260920209668026,0.6897658004491498,0.8357282967032966,0.7155004556056146,0.5,0.35,2,lgb,lgb_focal
1945,655,301,1099,0.761,0.785,0.7480769230769231,0.7665384615384616,0.6265678449258837,0.6968928344958782,0.834441208791209,0.708197658326072,0.354383420480205,0.35,2,lgb,lgb_threshold
1911,689,320,1080,0.74775,0.7714285714285715,0.735,0.7532142857142857,0.6105144149236857,0.6816030293467972,0.8350291208791207,0.7244833875136076,0.5,0.35,3,logreg,focal
2197,403,535,865,0.7655,0.6178571428571429,0.845,0.7314285714285714,0.6821766561514195,0.6484257871064467,0.8291486263736264,0.7006935126016123,0.5,0.35,3,lgb,lgb_default
1934,666,338,1062,0.749,0.7585714285714286,0.7438461538461538,0.7512087912087912,0.6145833333333334,0.6790281329923273,0.8278763736263736,0.7000673897474624,0.5,0.35,3,lgb,lgb_weight
1939,661,340,1060,0.74975,0.7571428571428571,0.7457692307692307,0.7514560439560439,0.6159209761766414,0.6792694649150913,0.8278980769230769,0.7000585409795352,0.5,0.35,3,lgb,lgb_focal
1945,655,345,1055,0.75,0.7535714285714286,0.7480769230769231,0.7508241758241758,0.6169590643274854,0.6784565916398714,0.8291486263736264,0.7006935126016123,0.3675344318393685,0.35,3,lgb,lgb_threshold
1947,653,300,1100,0.76175,0.7857142857142857,0.7488461538461538,0.7672802197802198,0.6274957216200798,0.6977481763399936,0.8443870879120879,0.7227948110269296,0.5,0.35,4,logreg,focal
2149,451,535,865,0.7535,0.6178571428571429,0.8265384615384616,0.7221978021978022,0.6572948328267477,0.6369661266568483,0.8245291208791208,0.6837575973343496,0.5,0.35,4,lgb,lgb_default
1923,677,320,1080,0.75075,0.7714285714285715,0.7396153846153846,0.755521978021978,0.6146841206602163,0.6841938549255622,0.826626510989011,0.6830537383947075,0.5,0.35,4,lgb,lgb_weight
1912,688,328,1072,0.746,0.7657142857142857,0.7353846153846154,0.7505494505494505,0.6090909090909091,0.6784810126582278,0.8276053571428571,0.6857892712812607,0.5,0.35,4,lgb,lgb_focal
1762,838,236,1164,0.7315,0.8314285714285714,0.6776923076923077,0.7545604395604395,0.5814185814185814,0.6843033509700176,0.8245291208791208,0.6837575973343496,0.2873269946902889,0.35,4,lgb,lgb_threshold
1951,649,318,1082,0.75825,0.7728571428571429,0.7503846153846154,0.7616208791208792,0.6250722125938764,0.6911529862663686,0.8371156593406593,0.7151296886313858,0.5,0.35,5,logreg,focal
2176,424,558,842,0.7545,0.6014285714285714,0.8369230769230769,0.7191758241758242,0.665086887835703,0.6316579144786196,0.8250872252747252,0.6893825763794622,0.5,0.35,5,lgb,lgb_default
1941,659,334,1066,0.75175,0.7614285714285715,0.7465384615384615,0.7539835164835165,0.6179710144927536,0.68224,0.8267160714285714,0.6966229450673493,0.5,0.35,5,lgb,lgb_weight
1942,658,341,1059,0.75025,0.7564285714285715,0.7469230769230769,0.7516758241758241,0.6167734420500873,0.6794995187680463,0.8279721153846153,0.696408334345801,0.5,0.35,5,lgb,lgb_focal
1946,654,340,1060,0.7515,0.7571428571428571,0.7484615384615385,0.7528021978021978,0.6184364060676779,0.680796403339756,0.8250872252747252,0.6893825763794622,0.3648035090544472,0.35,5,lgb,lgb_threshold
1979,621,360,1040,0.75475,0.7428571428571429,0.7611538461538462,0.7520054945054946,0.6261288380493678,0.6795164978765109,0.837590521978022,0.7273484215910313,0.5,0.35,6,logreg,focal
2180,420,588,812,0.748,0.58,0.8384615384615385,0.7092307692307692,0.6590909090909091,0.6170212765957446,0.8190677197802199,0.7011867524375934,0.5,0.35,6,lgb,lgb_default
1963,637,383,1017,0.745,0.7264285714285714,0.755,0.7407142857142857,0.6148730350665055,0.6660117878192534,0.820037087912088,0.7033009676545554,0.5,0.35,6,lgb,lgb_weight
1962,638,381,1019,0.74525,0.7278571428571429,0.7546153846153846,0.7412362637362637,0.6149668074834037,0.6666666666666667,0.8240222527472529,0.7073399625235337,0.5,0.35,6,lgb,lgb_focal
1913,687,352,1048,0.74025,0.7485714285714286,0.7357692307692307,0.7421703296703297,0.6040345821325649,0.6685805422647528,0.8190677197802199,0.7011867524375934,0.3401371125072713,0.35,6,lgb,lgb_threshold
1926,674,317,1083,0.75225,0.7735714285714286,0.7407692307692307,0.7571703296703296,0.6163915765509391,0.6860943934114666,0.8346502747252748,0.7061154821054116,0.5,0.35,7,logreg,focal
2177,423,540,860,0.75925,0.6142857142857143,0.8373076923076923,0.7257967032967033,0.6703039750584567,0.6410734252702199,0.828457967032967,0.7007046936274829,0.5,0.35,7,lgb,lgb_default
1932,668,336,1064,0.749,0.76,0.7430769230769231,0.7515384615384615,0.6143187066974596,0.6794380587484036,0.8281222527472527,0.7034267601509291,0.5,0.35,7,lgb,lgb_weight
1943,657,333,1067,0.7525,0.7621428571428571,0.7473076923076923,0.7547252747252747,0.6189095127610209,0.6830985915492958,0.8288813186813188,0.7014949320055319,0.5,0.35,7,lgb,lgb_focal
1833,767,264,1136,0.74225,0.8114285714285714,0.705,0.7582142857142857,0.5969521807672097,0.6878595216469877,0.828457967032967,0.7007046936274829,0.30631531956853175,0.35,7,lgb,lgb_threshold
1991,609,347,1053,0.761,0.7521428571428571,0.7657692307692308,0.7589560439560439,0.6335740072202166,0.6877857609405617,0.840634065934066,0.7270100275412985,0.5,0.35,8,logreg,focal
2199,401,548,852,0.76275,0.6085714285714285,0.8457692307692307,0.7271703296703296,0.6799680766161214,0.6422917451941199,0.8250396978021979,0.6884613963103824,0.5,0.35,8,lgb,lgb_default
1950,650,351,1049,0.74975,0.7492857142857143,0.75,0.7496428571428572,0.6174220129487934,0.6769925782510489,0.8263288461538463,0.6890973155420612,0.5,0.35,8,lgb,lgb_weight
1960,640,343,1057,0.75425,0.755,0.7538461538461538,0.7544230769230769,0.6228638774307602,0.6825960607039071,0.8257189560439561,0.6920072847839437,0.5,0.35,8,lgb,lgb_focal
1698,902,217,1183,0.72025,0.845,0.6530769230769231,0.7490384615384615,0.5673860911270984,0.678909612625538,0.8250396978021979,0.6884613963103824,0.2508475960152607,0.35,8,lgb,lgb_threshold
1921,679,339,1061,0.7455,0.7578571428571429,0.7388461538461538,0.7483516483516484,0.6097701149425288,0.6757961783439491,0.826873076923077,0.6979651425516241,0.5,0.35,9,logreg,focal
2140,460,545,855,0.74875,0.6107142857142858,0.823076923076923,0.7168956043956044,0.6501901140684411,0.6298342541436465,0.8189326923076923,0.6778859326555101,0.5,0.35,9,lgb,lgb_default
1882,718,333,1067,0.73725,0.7621428571428571,0.7238461538461538,0.7429945054945055,0.5977591036414566,0.6700156985871272,0.8175858516483518,0.678600032067716,0.5,0.35,9,lgb,lgb_weight
1887,713,329,1071,0.7395,0.765,0.7257692307692307,0.7453846153846153,0.6003363228699552,0.6727386934673366,0.8178858516483518,0.676407175174342,0.5,0.35,9,lgb,lgb_focal
1832,768,289,1111,0.73575,0.7935714285714286,0.7046153846153846,0.7490934065934066,0.591271953166578,0.6776456236657518,0.8189326923076923,0.6778859326555101,0.32382124540871454,0.35,9,lgb,lgb_threshold
1535,465,466,1534,0.76725,0.767,0.7675,0.76725,0.7673836918459229,0.7671917979494874,0.8478907500000001,0.8268096974247281,0.5,0.5,0,logreg,focal
1479,521,444,1556,0.75875,0.778,0.7395,0.75875,0.7491574386133847,0.7633063527103263,0.8423541250000002,0.8233579246209679,0.5,0.5,0,lgb,lgb_default
1479,521,444,1556,0.75875,0.778,0.7395,0.75875,0.7491574386133847,0.7633063527103263,0.8423541250000002,0.8233579246209679,0.5,0.5,0,lgb,lgb_weight
1485,515,417,1583,0.767,0.7915,0.7425,0.767,0.7545281220209723,0.7725719863347975,0.8408028750000001,0.8189890567722872,0.5,0.5,0,lgb,lgb_focal
1419,581,359,1641,0.765,0.8205,0.7095,0.765,0.7385238523852385,0.7773567029843675,0.8423541250000002,0.8233579246209679,0.4522607938697753,0.5,0,lgb,lgb_threshold
1487,513,478,1522,0.75225,0.761,0.7435,0.7522500000000001,0.7479115479115479,0.7543990086741016,0.82673125,0.805559365322124,0.5,0.5,1,logreg,focal
1421,579,468,1532,0.73825,0.766,0.7105,0.7382500000000001,0.7257224064424443,0.7453174410119193,0.8122695,0.7846746103819531,0.5,0.5,1,lgb,lgb_default
1421,579,468,1532,0.73825,0.766,0.7105,0.7382500000000001,0.7257224064424443,0.7453174410119193,0.8122695,0.7846746103819531,0.5,0.5,1,lgb,lgb_weight
1413,587,454,1546,0.73975,0.773,0.7065,0.73975,0.7248007501172058,0.7481248487781272,0.813072375,0.7849964353792838,0.5,0.5,1,lgb,lgb_focal
1333,667,379,1621,0.7385,0.8105,0.6665,0.7384999999999999,0.7084790209790209,0.7560634328358209,0.8122695,0.7846746103819531,0.4436333564950915,0.5,1,lgb,lgb_threshold
1531,469,459,1541,0.768,0.7705,0.7655,0.768,0.7666666666666667,0.7685785536159601,0.849105375,0.8356369403988257,0.5,0.5,2,logreg,focal
1481,519,437,1563,0.761,0.7815,0.7405,0.761,0.7507204610951008,0.7658010779029886,0.8359788749999999,0.8148387538568324,0.5,0.5,2,lgb,lgb_default
1481,519,437,1563,0.761,0.7815,0.7405,0.761,0.7507204610951008,0.7658010779029886,0.8359788749999999,0.8148387538568324,0.5,0.5,2,lgb,lgb_weight
1474,526,441,1559,0.75825,0.7795,0.737,0.75825,0.7477218225419664,0.7632802937576498,0.837016375,0.815388033568685,0.5,0.5,2,lgb,lgb_focal
1454,546,401,1599,0.76325,0.7995,0.727,0.76325,0.7454545454545455,0.7715319662243667,0.8359788749999999,0.8148387538568324,0.4759685514200429,0.5,2,lgb,lgb_threshold
1508,492,447,1553,0.76525,0.7765,0.754,0.76525,0.7594132029339853,0.7678615574783683,0.841171875,0.8230083156375192,0.5,0.5,3,logreg,focal
1446,554,447,1553,0.74975,0.7765,0.723,0.7497499999999999,0.7370669197911723,0.7562697832968103,0.8278530000000001,0.8018079325465138,0.5,0.5,3,lgb,lgb_default
1446,554,447,1553,0.74975,0.7765,0.723,0.7497499999999999,0.7370669197911723,0.7562697832968103,0.8278530000000001,0.8018079325465138,0.5,0.5,3,lgb,lgb_weight
1460,540,437,1563,0.75575,0.7815,0.73,0.7557499999999999,0.7432239657631954,0.7618815500853033,0.8289074999999999,0.8038695597058969,0.5,0.5,3,lgb,lgb_focal
1401,599,397,1603,0.751,0.8015,0.7005,0.751,0.7279745685740237,0.7629700142789148,0.8278530000000001,0.8018079325465138,0.46843800066471775,0.5,3,lgb,lgb_threshold
1497,503,434,1566,0.76575,0.783,0.7485,0.76575,0.7568873852102465,0.7697222904890636,0.8408011249999999,0.8203976071891543,0.5,0.5,4,logreg,focal
1468,532,440,1560,0.757,0.78,0.734,0.757,0.745697896749522,0.7624633431085045,0.8291971249999999,0.805205860356085,0.5,0.5,4,lgb,lgb_default
1468,532,440,1560,0.757,0.78,0.734,0.757,0.745697896749522,0.7624633431085045,0.8291971249999999,0.805205860356085,0.5,0.5,4,lgb,lgb_weight
1458,542,428,1572,0.7575,0.786,0.729,0.7575000000000001,0.7436140018921475,0.7642197374817696,0.82985275,0.8027741092240196,0.5,0.5,4,lgb,lgb_focal
1397,603,362,1638,0.75875,0.819,0.6985,0.75875,0.7309236947791165,0.7724593256307474,0.8291971249999999,0.805205860356085,0.4526903202706239,0.5,4,lgb,lgb_threshold
1486,514,434,1566,0.763,0.783,0.743,0.763,0.7528846153846154,0.7676470588235293,0.8379243749999999,0.8196750487574448,0.5,0.5,5,logreg,focal
1451,549,434,1566,0.75425,0.783,0.7255,0.7542500000000001,0.7404255319148936,0.7611178614823816,0.8264556250000001,0.8023984484077245,0.5,0.5,5,lgb,lgb_default
1451,549,434,1566,0.75425,0.783,0.7255,0.7542500000000001,0.7404255319148936,0.7611178614823816,0.8264556250000001,0.8023984484077245,0.5,0.5,5,lgb,lgb_weight
1450,550,424,1576,0.7565,0.788,0.725,0.7565,0.7412982126058325,0.7639360155113911,0.8270963749999999,0.8000859964482452,0.5,0.5,5,lgb,lgb_focal
1472,528,466,1534,0.7515,0.767,0.736,0.7515000000000001,0.7439379243452958,0.7552929591334319,0.8264556250000001,0.8023984484077245,0.5202546792386137,0.5,5,lgb,lgb_threshold
1507,493,493,1507,0.7535,0.7535,0.7535,0.7535,0.7535,0.7535,0.83131425,0.8172311889181663,0.5,0.5,6,logreg,focal
1453,547,479,1521,0.7435,0.7605,0.7265,0.7435,0.7354932301740812,0.747787610619469,0.8237821250000001,0.8044412938836956,0.5,0.5,6,lgb,lgb_default
1453,547,479,1521,0.7435,0.7605,0.7265,0.7435,0.7354932301740812,0.747787610619469,0.8237821250000001,0.8044412938836956,0.5,0.5,6,lgb,lgb_weight
1461,539,470,1530,0.74775,0.765,0.7305,0.74775,0.7394876752054133,0.7520275251904646,0.826649875,0.8060316325917172,0.5,0.5,6,lgb,lgb_focal
1447,553,471,1529,0.744,0.7645,0.7235,0.744,0.734390009606148,0.7491425771680549,0.8237821250000001,0.8044412938836956,0.49468191443278065,0.5,6,lgb,lgb_threshold
1510,490,448,1552,0.7655,0.776,0.755,0.7655000000000001,0.7600391772771793,0.7679366650173183,0.8371132500000001,0.815457746179818,0.5,0.5,7,logreg,focal
1443,557,419,1581,0.756,0.7905,0.7215,0.756,0.7394761459307764,0.764137264378927,0.829355375,0.8033663740648973,0.5,0.5,7,lgb,lgb_default
1443,557,419,1581,0.756,0.7905,0.7215,0.756,0.7394761459307764,0.764137264378927,0.829355375,0.8033663740648973,0.5,0.5,7,lgb,lgb_weight
1431,569,420,1580,0.75275,0.79,0.7155,0.75275,0.7352256863657515,0.7616293082670523,0.8281683750000002,0.8028475348713988,0.5,0.5,7,lgb,lgb_focal
1462,538,443,1557,0.75475,0.7785,0.731,0.75475,0.7431980906921241,0.7604395604395604,0.829355375,0.8033663740648973,0.5135782230914775,0.5,7,lgb,lgb_threshold
1526,474,461,1539,0.76625,0.7695,0.763,0.76625,0.7645305514157973,0.76700722651383,0.8419385,0.8240513674429143,0.5,0.5,8,logreg,focal
1475,525,449,1551,0.7565,0.7755,0.7375,0.7565,0.7471098265895953,0.7610402355250245,0.827892625,0.8027635191285545,0.5,0.5,8,lgb,lgb_default
1475,525,449,1551,0.7565,0.7755,0.7375,0.7565,0.7471098265895953,0.7610402355250245,0.827892625,0.8027635191285545,0.5,0.5,8,lgb,lgb_weight
1490,510,443,1557,0.76175,0.7785,0.745,0.7617499999999999,0.7532656023222061,0.7656749446766659,0.82849075,0.8045335350109518,0.5,0.5,8,lgb,lgb_focal
1484,516,459,1541,0.75625,0.7705,0.742,0.75625,0.7491492464754497,0.7596746364308602,0.827892625,0.8027635191285545,0.5073338729247431,0.5,8,lgb,lgb_threshold
1489,511,458,1542,0.75775,0.771,0.7445,0.75775,0.7510959571358987,0.760917838638046,0.8412815000000001,0.8241616473643645,0.5,0.5,9,logreg,focal
1448,552,418,1582,0.7575,0.791,0.724,0.7575000000000001,0.7413308341143393,0.7653604257377842,0.8340083749999999,0.8119557384796927,0.5,0.5,9,lgb,lgb_default
1448,552,418,1582,0.7575,0.791,0.724,0.7575000000000001,0.7413308341143393,0.7653604257377842,0.8340083749999999,0.8119557384796927,0.5,0.5,9,lgb,lgb_weight
1451,549,412,1588,0.75975,0.794,0.7255,0.75975,0.743097800655124,0.767706067198453,0.8330668749999999,0.8112134247907097,0.5,0.5,9,lgb,lgb_focal
1434,566,389,1611,0.76125,0.8055,0.717,0.76125,0.7400091869545246,0.7713670098156571,0.8340083749999999,0.8119557384796927,0.484582474998879,0.5,9,lgb,lgb_threshold
